run,stage,case_id,arm,employee_group,split,tokens,top1_id,top1_title,top1_score,hit_1,hit_5,hit_10,mrr,ndcg_10,recall_5,primary_rank,query_seconds,returned_candidates,corpus_count,hard_negative_best_rank
run-05,holdout,hold-accounting,rrf,accounting,holdout,58,FAC4311-001v2,會計人員,0.09523809523809523,1,1,1,1.0,1.0,1.0,1,0,89,805,5
run-05,holdout,hold-recruiting,rrf,recruiting,holdout,58,BHR2422-014v2,招募甄選專業人員,0.1,1,1,1,1.0,1.0,1.0,1,0,87,805,84
run-05,holdout,hold-web,rrf,web,holdout,51,INM3514-001v4,網站前端開發人員,0.09307359307359307,0,0,0,0.0196078431372549,0.0,0.0,51,0,87,805,
run-05,holdout,hold-ux,rrf,ux,holdout,55,AVA2172-003v3,介面視覺設計人員,0.0803030303030303,1,1,1,1.0,0.7309292742059024,1.0,3,0,88,805,16
run-05,holdout,hold-testing,rrf,testing,holdout,54,IISD3512-001v3,雲端系統開發工程人員,0.09545454545454546,0,1,1,0.3333333333333333,0.4731889542498568,1.0,5,0,88,805,19
run-05,holdout,hold-coffee,rrf,coffee,holdout,55,TFB5131-002v3,咖啡調製人員,0.1,1,1,1,1.0,1.0,1.0,1,0,82,805,5
run-05,holdout,hold-roasting,rrf,roasting,holdout,54,TFB7914-001v3,咖啡烘焙人員,0.1,1,1,1,1.0,1.0,1.0,1,0,82,805,26
run-05,holdout,hold-food-service,rrf,food-service,holdout,54,連鎖餐飲門市服務人員,連鎖餐飲門市服務人員,0.1,0,1,1,0.5,0.6309297535714575,1.0,2,0,80,805,
run-05,holdout,hold-electrical,rrf,electrical,holdout,57,CCM7412-001v4,水電工程人員,0.09761904761904762,1,1,1,1.0,1.0,1.0,1,0,82,805,7
run-05,holdout,hold-interior,rrf,interior,holdout,53,CAP2171-003v3,室內設計助理,0.09761904761904762,1,1,1,1.0,0.7309292742059024,1.0,3,0,83,805,9
run-05,holdout,hold-purchasing-manager,rrf,purchasing-manager,holdout,46,MMP1324-002v4,資材主管,0.1,0,0,1,0.1111111111111111,0.3010299956639812,0.0,9,0,83,805,37
run-05,holdout,hold-marketing,rrf,marketing,holdout,47,KMC2431-009v2,社群媒體經營人員,0.08712121212121213,0,1,1,0.5,0.5188972012643011,0.6666666666666666,3,0,84,805,46
run-05,holdout,hold-mixed,rrf,mixed,holdout,59,KRM3323-001v4,綜合零售業商品採購人員,0.09347826086956522,0,1,1,0.5,0.1332149210199512,0.25,14,0,92,805,12
run-05,holdout,hold-no-match-paleontology,rrf,no-match,holdout,35,NAO6030-001v2,農業勘損人員,0.08928571428571427,,,,,,,,0,86,805,
run-05,holdout,hold-no-match-cryptography,rrf,no-match,holdout,46,INM7421-011v3,資通網路資深技術人員,0.07777777777777778,,,,,,,,0,91,805,
run-05,holdout,hold-insufficient,rrf,insufficient,holdout,30,LLS3411-002v2,組織法務助理,0.09166666666666667,,,,,,,,0,91,805,
run-05,input,procurement-cut44,A_facts,procurement,input-pilot,395,MPM8201-001v3,機械組裝人員,0.734697978594653,0,1,1,0.25,0.4102594208381778,0.5,9,0.0007948999991640449,805,805,78
run-05,input,inventory-control-cut2,A_facts,inventory,input-pilot,50,FAC3313-001v2,會計助理,0.6785374615688706,0,1,1,0.5,0.47020199776783905,0.5,2,0.0006706999847665429,805,805,32
run-05,input,inventory-control-cut4,A_facts,inventory,input-pilot,83,MMP4321-003v4,零售業倉儲管理人員,0.7088259556042377,1,1,1,1.0,0.7452525342261976,0.5,1,0.0007359000155702233,805,805,2
run-05,input,inventory-compacted-cut2,A_facts,inventory,input-pilot,50,FAC3313-001v2,會計助理,0.6785374615688706,0,1,1,0.5,0.47020199776783905,0.5,2,0.0005731999990530312,805,805,32
run-05,input,inventory-compacted-cut4,A_facts,inventory,input-pilot,83,MMP4321-003v4,零售業倉儲管理人員,0.7088259556042377,1,1,1,1.0,0.7452525342261976,0.5,1,0.0006290000164881349,805,805,2
run-05,input,procurement-cut44,B_b2,procurement,input-pilot,1196,KRM3323-002v4,零售商品採購人員,0.7454734174153883,0,1,1,0.3333333333333333,0.6289921088377346,1.0,3,0.000542100053280592,805,805,7
run-05,input,inventory-control-cut2,B_b2,inventory,input-pilot,198,MMP4321-003v4,零售業倉儲管理人員,0.7106559456518423,1,1,1,1.0,0.7452525342261976,0.5,1,0.0007004999788478017,805,805,66
run-05,input,inventory-control-cut4,B_b2,inventory,input-pilot,340,MMP4321-003v4,零售業倉儲管理人員,0.72757359057647,1,1,1,1.0,0.7788383912096147,0.5,1,0.0005718999891541898,805,805,16
run-05,input,inventory-compacted-cut2,B_b2,inventory,input-pilot,355,MMP4321-003v4,零售業倉儲管理人員,0.7075911593018835,1,1,1,1.0,0.7452525342261976,0.5,1,0.0006048999493941665,805,805,44
run-05,input,inventory-compacted-cut4,B_b2,inventory,input-pilot,553,MMP4321-003v4,零售業倉儲管理人員,0.7149092552141869,1,1,1,1.0,0.7452525342261976,0.5,1,0.0007783999899402261,805,805,25
run-05,input,procurement-cut44,C_b2_b1,procurement,input-pilot,2435,KRM1324-001v1,供應鏈管理人員,0.7360244510878906,0,1,1,0.3333333333333333,0.4575918484985602,0.5,8,0.0006083999760448933,805,805,5
run-05,input,inventory-control-cut2,C_b2_b1,inventory,input-pilot,378,MMP4321-003v4,零售業倉儲管理人員,0.7043478902657386,1,1,1,1.0,0.7452525342261976,0.5,1,0.0006058000144548714,805,805,39
run-05,input,inventory-control-cut4,C_b2_b1,inventory,input-pilot,648,MMP4321-003v4,零售業倉儲管理人員,0.7133996008117431,1,1,1,1.0,0.7452525342261976,0.5,1,0.0006441000150516629,805,805,24
run-05,input,inventory-compacted-cut2,C_b2_b1,inventory,input-pilot,526,MMP4321-003v4,零售業倉儲管理人員,0.7011393993443287,1,1,1,1.0,0.7452525342261976,0.5,1,0.0006693999748677015,805,805,32
run-05,input,inventory-compacted-cut4,C_b2_b1,inventory,input-pilot,858,FAC2411-001v2,企業內部稽核人員,0.7056841783168479,0,1,1,0.5,0.47020199776783905,0.5,2,0.001082100032363087,805,805,23
run-05,method,dev-accounting,dense,accounting,development,54,FAC4311-001v2,會計人員,0.76672167204934,1,1,1,1.0,1.0,1.0,1,0,805,805,3
run-05,method,dev-accounting,sparse,accounting,development,54,FAC3313-001v2,會計助理,0.3444111015414819,1,1,1,1.0,0.5997368403740738,0.5,7,0,805,805,147
run-05,method,dev-accounting,rrf,accounting,development,54,FAC3313-001v2,會計助理,0.03306010928961749,1,1,1,1.0,0.8339912323981488,1.0,2,0,81,805,20
run-05,method,dev-recruiting,dense,recruiting,development,54,BHR2422-014v2,招募甄選專業人員,0.783474920474539,1,1,1,1.0,1.0,1.0,1,0,805,805,13
run-05,method,dev-recruiting,sparse,recruiting,development,54,BHR2422-014v2,招募甄選專業人員,0.7071715332567692,1,1,1,1.0,1.0,1.0,1,0,805,805,190
run-05,method,dev-recruiting,rrf,recruiting,development,54,BHR2422-014v2,招募甄選專業人員,0.03333333333333333,1,1,1,1.0,1.0,1.0,1,0,85,805,25
run-05,method,dev-web,dense,web,development,50,INM3514-001v4,網站前端開發人員,0.7387706145256854,0,0,1,0.1111111111111111,0.3010299956639812,0.0,9,0,805,805,161
run-05,method,dev-web,sparse,web,development,50,INM3514-001v4,網站前端開發人員,0.5062839309684932,0,1,1,0.5,0.6309297535714575,1.0,2,0,805,805,123
run-05,method,dev-web,rrf,web,development,50,INM3514-001v4,網站前端開發人員,0.03333333333333333,0,1,1,0.5,0.6309297535714575,1.0,2,0,83,805,
run-05,method,dev-ux,dense,ux,development,55,SET2152-005v2,FAE工程人員【註1】,0.7174749927188129,0,1,1,0.3333333333333333,0.40563313308046334,0.5,9,0,805,805,111
run-05,method,dev-ux,sparse,ux,development,55,ISD3513-001v1,商業智慧（BI）系統開發人員,0.5241854372434318,0,1,1,0.2,0.30451296789464855,0.5,5,0,805,805,3
run-05,method,dev-ux,rrf,ux,development,55,SET2152-005v2,FAE工程人員【註1】,0.03159203980099502,0,1,1,0.5,0.6030619581922464,0.5,2,0,85,805,17
run-05,method,dev-testing,dense,testing,development,45,ISD3512-002v2,軟體測試助理工程人員,0.7975171679998582,1,1,1,1.0,0.8339912323981488,1.0,2,0,805,805,54
run-05,method,dev-testing,sparse,testing,development,45,IIS3513-003v4,網站系統設計人員,0.5278563583269715,0,0,0,0.0625,0.0,0.0,16,0,805,805,1
run-05,method,dev-testing,rrf,testing,development,45,ISD2519-002v2,軟體測試工程人員,0.029726775956284153,1,1,1,1.0,1.0,1.0,1,0,81,805,20
run-05,method,dev-coffee,dense,coffee,development,55,TFB5131-002v3,咖啡調製人員,0.7652449622015551,1,1,1,1.0,1.0,1.0,1,0,805,805,2
run-05,method,dev-coffee,sparse,coffee,development,55,TFB5131-002v3,咖啡調製人員,0.5495360303902999,1,1,1,1.0,1.0,1.0,1,0,805,805,2
run-05,method,dev-coffee,rrf,coffee,development,55,TFB5131-002v3,咖啡調製人員,0.03333333333333333,1,1,1,1.0,1.0,1.0,1,0,83,805,2
run-05,method,dev-roasting,dense,roasting,development,53,TFB7914-001v3,咖啡烘焙人員,0.8080454722935864,1,1,1,1.0,1.0,1.0,1,0,805,805,4
run-05,method,dev-roasting,sparse,roasting,development,53,TFB7914-001v3,咖啡烘焙人員,0.4776431139180204,1,1,1,1.0,0.8996052605611106,0.5,1,0,805,805,9
run-05,method,dev-roasting,rrf,roasting,development,53,TFB7914-001v3,咖啡烘焙人員,0.03333333333333333,1,1,1,1.0,1.0,1.0,1,0,90,805,5
run-05,method,dev-food-service,dense,food-service,development,46,TFB5139-001v3,餐飲服務人員,0.7369758494460308,1,1,1,1.0,1.0,1.0,1,0,805,805,
run-05,method,dev-food-service,sparse,food-service,development,46,TFB5139-001v3,餐飲服務人員,0.4614362567663193,1,1,1,1.0,1.0,1.0,1,0,805,805,
run-05,method,dev-food-service,rrf,food-service,development,46,TFB5139-001v3,餐飲服務人員,0.03333333333333333,1,1,1,1.0,1.0,1.0,1,0,80,805,
run-05,method,dev-electrical,dense,electrical,development,51,CCM7412-001v4,水電工程人員,0.7704191731360166,1,1,1,1.0,1.0,1.0,1,0,805,805,5
run-05,method,dev-electrical,sparse,electrical,development,51,CCM7412-001v4,水電工程人員,0.3536705921869725,1,1,1,1.0,0.8996052605611106,0.5,1,0,805,805,10
run-05,method,dev-electrical,rrf,electrical,development,51,CCM7412-001v4,水電工程人員,0.03333333333333333,1,1,1,1.0,1.0,1.0,1,0,83,805,3
run-05,method,dev-interior,dense,interior,development,45,CAP2171-002v3,室內設計人員,0.7657060249043448,1,1,1,1.0,1.0,1.0,1,0,805,805,53
run-05,method,dev-interior,sparse,interior,development,45,CAP2171-002v3,室內設計人員,0.50853249093052,1,1,1,1.0,0.7871546029909718,0.5,1,0,805,805,3
run-05,method,dev-interior,rrf,interior,development,45,CAP2171-002v3,室內設計人員,0.03333333333333333,1,1,1,1.0,0.9324441894571632,1.0,1,0,83,805,18
run-05,method,dev-purchasing-manager,dense,purchasing-manager,development,43,MMP1324-002v4,資材主管,0.7748748114133662,0,1,1,0.5,0.6309297535714575,1.0,2,0,805,805,5
run-05,method,dev-purchasing-manager,sparse,purchasing-manager,development,43,MMP1324-002v4,資材主管,0.6551194768399,0,1,1,0.5,0.6309297535714575,1.0,2,0,805,805,152
run-05,method,dev-purchasing-manager,rrf,purchasing-manager,development,43,MMP1324-002v4,資材主管,0.03333333333333333,0,1,1,0.5,0.6309297535714575,1.0,2,0,81,805,21
run-05,method,dev-marketing,dense,marketing,development,43,KMC2431-009v2,社群媒體經營人員,0.7620535108351867,0,1,1,0.3333333333333333,0.2560004205762895,0.6666666666666666,13,0,805,805,85
run-05,method,dev-marketing,sparse,marketing,development,43,KMC2431-009v2,社群媒體經營人員,0.5112762285862118,0,1,1,0.25,0.3863001361616938,0.3333333333333333,4,0,805,805,9
run-05,method,dev-marketing,rrf,marketing,development,43,KMC2431-009v2,社群媒體經營人員,0.03333333333333333,0,1,1,0.3333333333333333,0.384252024127126,0.3333333333333333,6,0,79,805,25
run-05,method,dev-mixed,dense,mixed,development,59,FAC4311-001v2,會計人員,0.7410733770830399,1,1,1,1.0,0.8013660245103043,0.5,1,0,805,805,8
run-05,method,dev-mixed,sparse,mixed,development,59,FAC3313-001v2,會計助理,0.30275739731587237,1,1,1,1.0,0.3753611632944945,0.25,7,0,805,805,268
run-05,method,dev-mixed,rrf,mixed,development,59,FAC3313-001v2,會計助理,0.03306010928961749,1,1,1,1.0,0.45747141776516514,0.5,3,0,79,805,23
run-05,method,dev-no-match-astronomy,dense,no-match,development,43,SET2163-002v3,測量工程助理,0.6253764695785047,,,,,,,,0,805,805,
run-05,method,dev-no-match-astronomy,sparse,no-match,development,43,SET2131-001v5,生技產業生物技術研發師,0.1768385393806966,,,,,,,,0,805,805,
run-05,method,dev-no-match-astronomy,rrf,no-match,development,43,MQM3113-001v2,太陽光電模組製程工程人員,0.029631255487269532,,,,,,,,0,86,805,
run-05,method,dev-no-match-quantum,dense,no-match,development,38,MPD3122-001v4,半導體產業-製造-製程整合工程師,0.6156329191293692,,,,,,,,0,805,805,
run-05,method,dev-no-match-quantum,sparse,no-match,development,38,MQM2152-001v4,電磁相容,0.23538431013002992,,,,,,,,0,805,805,
run-05,method,dev-no-match-quantum,rrf,no-match,development,38,SET2144-007v2,振動分析工程人員,0.03278688524590164,,,,,,,,0,84,805,
run-05,method,dev-insufficient,dense,insufficient,development,25,KPS4999-001v3,銷售助理,0.6344176975647173,,,,,,,,0,805,805,
run-05,method,dev-insufficient,sparse,insufficient,development,25,TTM4221-003v3,獎勵旅遊業活動企劃人員,0.20800675451755524,,,,,,,,0,805,805,
run-05,method,dev-insufficient,rrf,insufficient,development,25,KPS4999-001v3,銷售助理,0.03229166666666666,,,,,,,,0,83,805,
run-05,representation,dev-accounting,description_or_top,accounting,development,54,FFN2412-003v2,企業財務人員,0.7376922862044974,0,1,1,0.5,0.4966392596877323,0.5,2,0,805,805,15
run-05,representation,dev-recruiting,description_or_top,recruiting,development,54,BHR2422-014v2,招募甄選專業人員,0.8050853943843524,1,1,1,1.0,1.0,1.0,1,0,805,805,36
run-05,representation,dev-web,description_or_top,web,development,50,INM3514-001v4,網站前端開發人員,0.7721195364519976,0,0,0,0.06666666666666667,0.0,0.0,15,0,805,805,218
run-05,representation,dev-ux,description_or_top,ux,development,55,SET2152-005v2,FAE工程人員【註1】,0.7666845557156277,0,0,1,0.125,0.24831962984386616,0.0,8,0,805,805,102
run-05,representation,dev-testing,description_or_top,testing,development,45,SET2152-005v2,FAE工程人員【註1】,0.7895649168567553,0,1,1,0.5,0.6271448173568673,1.0,2,0,805,805,100
run-05,representation,dev-coffee,description_or_top,coffee,development,55,TFB5131-002v3,咖啡調製人員,0.7525829001637951,1,1,1,1.0,1.0,1.0,1,0,805,805,2
run-05,representation,dev-roasting,description_or_top,roasting,development,53,AVA4322-001v4,工藝產業生產管理,0.6987141693321799,0,1,1,0.3333333333333333,0.3935773014954859,0.5,3,0,805,805,121
run-05,representation,dev-food-service,description_or_top,food-service,development,46,TFB5139-001v3,餐飲服務人員,0.791157778243835,1,1,1,1.0,1.0,1.0,1,0,805,805,
run-05,representation,dev-electrical,description_or_top,electrical,development,51,MEM7231-008v4,汽車整車電路設計工程人員,0.7205880146257544,0,1,1,0.3333333333333333,0.5137444987600056,0.5,3,0,805,805,10
run-05,representation,dev-interior,description_or_top,interior,development,45,CAP2171-002v3,室內設計人員,0.7998099745810816,1,1,1,1.0,0.9073218002554915,0.5,1,0,805,805,21
run-05,representation,dev-purchasing-manager,description_or_top,purchasing-manager,development,43,BAS3323-002v4,採購主管,0.8588175602632575,1,1,1,1.0,1.0,1.0,1,0,805,805,5
run-05,representation,dev-marketing,description_or_top,marketing,development,43,KMC2431-010v1,品牌企劃師,0.7807955827588476,0,0,0,0.07142857142857142,0.0,0.0,20,0,805,805,63
run-05,representation,dev-mixed,description_or_top,mixed,development,59,MMP4321-001v4,倉管助理,0.7430727141020093,0,1,1,0.3333333333333333,0.4932376745106588,0.5,4,0,805,805,29
run-05,representation,dev-no-match-astronomy,description_or_top,no-match,development,43,MPM7222-012v3,塑膠射出模具設計人員,0.6191707838737567,,,,,,,,0,805,805,
run-05,representation,dev-no-match-quantum,description_or_top,no-match,development,38,SET2131-001v5,生技產業生物技術研發師,0.6413664102714648,,,,,,,,0,805,805,
run-05,representation,dev-insufficient,description_or_top,insufficient,development,25,BAS4222-002v3,客戶服務助理,0.6613301173465671,,,,,,,,0,805,805,
run-05,representation,dev-accounting,top,accounting,development,54,FAC4311-001v2,會計人員,0.7817650727569475,1,1,1,1.0,1.0,1.0,1,0,805,805,3
run-05,representation,dev-recruiting,top,recruiting,development,54,BHR2422-014v2,招募甄選專業人員,0.7874698789661355,1,1,1,1.0,1.0,1.0,1,0,805,805,19
run-05,representation,dev-web,top,web,development,50,INM3514-001v4,網站前端開發人員,0.7458723266362836,0,0,1,0.1,0.2890648263178878,0.0,10,0,805,805,198
run-05,representation,dev-ux,top,ux,development,55,SET2152-005v2,FAE工程人員【註1】,0.729412216499322,0,1,1,0.25,0.14528958646619142,0.5,12,0,805,805,123
run-05,representation,dev-testing,top,testing,development,45,ISD2519-002v2,軟體測試工程人員,0.8019519538981377,1,1,1,1.0,1.0,1.0,1,0,805,805,58
run-05,representation,dev-coffee,top,coffee,development,55,TFB5131-002v3,咖啡調製人員,0.7979063788134392,1,1,1,1.0,1.0,1.0,1,0,805,805,2
run-05,representation,dev-roasting,top,roasting,development,53,TFB7914-001v3,咖啡烘焙人員,0.8233007462131552,1,1,1,1.0,1.0,1.0,1,0,805,805,5
run-05,representation,dev-food-service,top,food-service,development,46,TFB5139-001v3,餐飲服務人員,0.7547844194556965,1,1,1,1.0,1.0,1.0,1,0,805,805,
run-05,representation,dev-electrical,top,electrical,development,51,CCM7412-001v4,水電工程人員,0.7764036570342471,1,1,1,1.0,1.0,1.0,1,0,805,805,3
run-05,representation,dev-interior,top,interior,development,45,CAP2171-002v3,室內設計人員,0.7881756882653016,1,1,1,1.0,1.0,1.0,1,0,805,805,54
run-05,representation,dev-purchasing-manager,top,purchasing-manager,development,43,MMP1324-002v4,資材主管,0.7820907464173152,0,1,1,0.3333333333333333,0.5,1.0,3,0,805,805,5
run-05,representation,dev-marketing,top,marketing,development,43,KMC2431-009v2,社群媒體經營人員,0.7798420551168738,0,1,1,0.3333333333333333,0.26865065808409,0.6666666666666666,17,0,805,805,96
run-05,representation,dev-mixed,top,mixed,development,59,FAC4311-001v2,會計人員,0.7543870037746054,1,1,1,1.0,0.8722072112559872,0.75,1,0,805,805,10
run-05,representation,dev-no-match-astronomy,top,no-match,development,43,SET2163-002v3,測量工程助理,0.6328827494099268,,,,,,,,0,805,805,
run-05,representation,dev-no-match-quantum,top,no-match,development,38,MPD3122-001v4,半導體產業-製造-製程整合工程師,0.5978411867770166,,,,,,,,0,805,805,
run-05,representation,dev-insufficient,top,insufficient,development,25,KPS2434-004v2,醫療器材產業業務助理,0.6529580619053337,,,,,,,,0,805,805,
run-05,representation,dev-accounting,topks,accounting,development,54,FAC4311-001v2,會計人員,0.76672167204934,1,1,1,1.0,1.0,1.0,1,0,805,805,3
run-05,representation,dev-recruiting,topks,recruiting,development,54,BHR2422-014v2,招募甄選專業人員,0.783474920474539,1,1,1,1.0,1.0,1.0,1,0,805,805,13
run-05,representation,dev-web,topks,web,development,50,INM3514-001v4,網站前端開發人員,0.7387706145256854,0,0,1,0.1111111111111111,0.3010299956639812,0.0,9,0,805,805,161
run-05,representation,dev-ux,topks,ux,development,55,SET2152-005v2,FAE工程人員【註1】,0.7174749927188129,0,1,1,0.3333333333333333,0.40563313308046334,0.5,9,0,805,805,111
run-05,representation,dev-testing,topks,testing,development,45,ISD3512-002v2,軟體測試助理工程人員,0.7975171679998582,1,1,1,1.0,0.8339912323981488,1.0,2,0,805,805,54
run-05,representation,dev-coffee,topks,coffee,development,55,TFB5131-002v3,咖啡調製人員,0.7652449622015551,1,1,1,1.0,1.0,1.0,1,0,805,805,2
run-05,representation,dev-roasting,topks,roasting,development,53,TFB7914-001v3,咖啡烘焙人員,0.8080454722935864,1,1,1,1.0,1.0,1.0,1,0,805,805,4
run-05,representation,dev-food-service,topks,food-service,development,46,TFB5139-001v3,餐飲服務人員,0.7369758494460308,1,1,1,1.0,1.0,1.0,1,0,805,805,
run-05,representation,dev-electrical,topks,electrical,development,51,CCM7412-001v4,水電工程人員,0.7704191731360166,1,1,1,1.0,1.0,1.0,1,0,805,805,5
run-05,representation,dev-interior,topks,interior,development,45,CAP2171-002v3,室內設計人員,0.7657060249043448,1,1,1,1.0,1.0,1.0,1,0,805,805,53
run-05,representation,dev-purchasing-manager,topks,purchasing-manager,development,43,MMP1324-002v4,資材主管,0.7748748114133662,0,1,1,0.5,0.6309297535714575,1.0,2,0,805,805,5
run-05,representation,dev-marketing,topks,marketing,development,43,KMC2431-009v2,社群媒體經營人員,0.7620535108351867,0,1,1,0.3333333333333333,0.2560004205762895,0.6666666666666666,13,0,805,805,85
run-05,representation,dev-mixed,topks,mixed,development,59,FAC4311-001v2,會計人員,0.7410733770830399,1,1,1,1.0,0.8013660245103043,0.5,1,0,805,805,8
run-05,representation,dev-no-match-astronomy,topks,no-match,development,43,SET2163-002v3,測量工程助理,0.6253764695785047,,,,,,,,0,805,805,
run-05,representation,dev-no-match-quantum,topks,no-match,development,38,MPD3122-001v4,半導體產業-製造-製程整合工程師,0.6156329191293692,,,,,,,,0,805,805,
run-05,representation,dev-insufficient,topks,insufficient,development,25,KPS4999-001v3,銷售助理,0.6344176975647173,,,,,,,,0,805,805,
run-05,rrf-grid,dev-accounting,depth10-k2,accounting,development,54,FAC3313-001v2,會計助理,0.8333333333333333,1,1,1,1.0,0.8339912323981488,1.0,2,0,16,805,6
run-05,rrf-grid,dev-recruiting,depth10-k2,recruiting,development,54,BHR2422-014v2,招募甄選專業人員,1.0,1,1,1,1.0,1.0,1.0,1,0,15,805,
run-05,rrf-grid,dev-web,depth10-k2,web,development,50,INM3514-001v4,網站前端開發人員,1.0,0,1,1,0.5,0.6309297535714575,1.0,2,0,18,805,
run-05,rrf-grid,dev-ux,depth10-k2,ux,development,55,SET2152-005v2,FAE工程人員【註1】,0.6111111111111112,0,1,1,0.2,0.4246801651591683,0.5,5,0,18,805,7
run-05,rrf-grid,dev-testing,depth10-k2,testing,development,45,IIS3513-003v4,網站系統設計人員,0.5,0,1,1,0.5,0.5518544320968081,1.0,4,0,20,805,1
run-05,rrf-grid,dev-coffee,depth10-k2,coffee,development,55,TFB5131-002v3,咖啡調製人員,1.0,1,1,1,1.0,1.0,1.0,1,0,16,805,2
run-05,rrf-grid,dev-roasting,depth10-k2,roasting,development,53,TFB7914-001v3,咖啡烘焙人員,1.0,1,1,1,1.0,1.0,1.0,1,0,15,805,6
run-05,rrf-grid,dev-food-service,depth10-k2,food-service,development,46,TFB5139-001v3,餐飲服務人員,1.0,1,1,1,1.0,1.0,1.0,1,0,16,805,
run-05,rrf-grid,dev-electrical,depth10-k2,electrical,development,51,CCM7412-001v4,水電工程人員,1.0,1,1,1,1.0,1.0,1.0,1,0,16,805,4
run-05,rrf-grid,dev-interior,depth10-k2,interior,development,45,CAP2171-002v3,室內設計人員,1.0,1,1,1,1.0,0.9324441894571632,1.0,1,0,17,805,5
run-05,rrf-grid,dev-purchasing-manager,depth10-k2,purchasing-manager,development,43,MMP1324-002v4,資材主管,1.0,0,1,1,0.5,0.6309297535714575,1.0,2,0,17,805,7
run-05,rrf-grid,dev-marketing,depth10-k2,marketing,development,43,KMC2431-009v2,社群媒體經營人員,1.0,0,1,1,0.3333333333333333,0.4437061128453088,0.3333333333333333,8,0,15,805,13
run-05,rrf-grid,dev-mixed,depth10-k2,mixed,development,59,FAC3313-001v2,會計助理,0.8333333333333333,1,1,1,1.0,0.6643865887512646,0.5,2,0,17,805,12
run-05,rrf-grid,dev-no-match-astronomy,depth10-k2,no-match,development,43,SET2131-001v5,生技產業生物技術研發師,0.5,,,,,,,,0,19,805,
run-05,rrf-grid,dev-no-match-quantum,depth10-k2,no-match,development,38,MPD3122-001v4,半導體產業-製造-製程整合工程師,0.7,,,,,,,,0,17,805,
run-05,rrf-grid,dev-insufficient,depth10-k2,insufficient,development,25,KPS4999-001v3,銷售助理,0.6666666666666666,,,,,,,,0,18,805,
run-05,rrf-grid,dev-accounting,depth10-k20,accounting,development,54,FAC3313-001v2,會計助理,0.09761904761904762,1,1,1,1.0,0.8339912323981488,1.0,2,0,16,805,6
run-05,rrf-grid,dev-recruiting,depth10-k20,recruiting,development,54,BHR2422-014v2,招募甄選專業人員,0.1,1,1,1,1.0,1.0,1.0,1,0,15,805,
run-05,rrf-grid,dev-web,depth10-k20,web,development,50,INM3514-001v4,網站前端開發人員,0.1,0,1,1,0.5,0.6309297535714575,1.0,2,0,18,805,
run-05,rrf-grid,dev-ux,depth10-k20,ux,development,55,SET2152-005v2,FAE工程人員【註1】,0.08703703703703704,0,1,1,0.5,0.616806456952252,0.5,2,0,18,805,7
run-05,rrf-grid,dev-testing,depth10-k20,testing,development,45,IIS3513-003v4,網站系統設計人員,0.05,0,1,1,0.5,0.5518544320968081,1.0,4,0,20,805,1
run-05,rrf-grid,dev-coffee,depth10-k20,coffee,development,55,TFB5131-002v3,咖啡調製人員,0.1,1,1,1,1.0,1.0,1.0,1,0,16,805,2
run-05,rrf-grid,dev-roasting,depth10-k20,roasting,development,53,TFB7914-001v3,咖啡烘焙人員,0.1,1,1,1,1.0,1.0,1.0,1,0,15,805,5
run-05,rrf-grid,dev-food-service,depth10-k20,food-service,development,46,TFB5139-001v3,餐飲服務人員,0.1,1,1,1,1.0,1.0,1.0,1,0,16,805,
run-05,rrf-grid,dev-electrical,depth10-k20,electrical,development,51,CCM7412-001v4,水電工程人員,0.1,1,1,1,1.0,1.0,1.0,1,0,16,805,3
run-05,rrf-grid,dev-interior,depth10-k20,interior,development,45,CAP2171-002v3,室內設計人員,0.1,1,1,1,1.0,0.9176601606601069,1.0,1,0,17,805,6
run-05,rrf-grid,dev-purchasing-manager,depth10-k20,purchasing-manager,development,43,MMP1324-002v4,資材主管,0.1,0,1,1,0.5,0.6309297535714575,1.0,2,0,17,805,7
run-05,rrf-grid,dev-marketing,depth10-k20,marketing,development,43,KMC2431-009v2,社群媒體經營人員,0.1,0,1,1,0.3333333333333333,0.4437061128453088,0.3333333333333333,8,0,15,805,13
run-05,rrf-grid,dev-mixed,depth10-k20,mixed,development,59,FAC3313-001v2,會計助理,0.09761904761904762,1,1,1,1.0,0.5998825364500571,0.5,3,0,17,805,12
run-05,rrf-grid,dev-no-match-astronomy,depth10-k20,no-match,development,43,MQM3113-001v2,太陽光電模組製程工程人員,0.07275132275132275,,,,,,,,0,19,805,
run-05,rrf-grid,dev-no-match-quantum,depth10-k20,no-match,development,38,SET2144-007v2,振動分析工程人員,0.09523809523809523,,,,,,,,0,17,805,
run-05,rrf-grid,dev-insufficient,depth10-k20,insufficient,development,25,KPS4999-001v3,銷售助理,0.09166666666666667,,,,,,,,0,18,805,
run-05,rrf-grid,dev-accounting,depth10-k60,accounting,development,54,FAC3313-001v2,會計助理,0.03306010928961749,1,1,1,1.0,0.8339912323981488,1.0,2,0,16,805,6
run-05,rrf-grid,dev-recruiting,depth10-k60,recruiting,development,54,BHR2422-014v2,招募甄選專業人員,0.03333333333333333,1,1,1,1.0,1.0,1.0,1,0,15,805,
run-05,rrf-grid,dev-web,depth10-k60,web,development,50,INM3514-001v4,網站前端開發人員,0.03333333333333333,0,1,1,0.5,0.6309297535714575,1.0,2,0,18,805,
run-05,rrf-grid,dev-ux,depth10-k60,ux,development,55,SET2152-005v2,FAE工程人員【註1】,0.03159203980099502,0,1,1,0.5,0.616806456952252,0.5,2,0,18,805,7
run-05,rrf-grid,dev-testing,depth10-k60,testing,development,45,IIS3513-003v4,網站系統設計人員,0.016666666666666666,0,1,1,0.5,0.5518544320968081,1.0,4,0,20,805,1
run-05,rrf-grid,dev-coffee,depth10-k60,coffee,development,55,TFB5131-002v3,咖啡調製人員,0.03333333333333333,1,1,1,1.0,1.0,1.0,1,0,16,805,2
run-05,rrf-grid,dev-roasting,depth10-k60,roasting,development,53,TFB7914-001v3,咖啡烘焙人員,0.03333333333333333,1,1,1,1.0,1.0,1.0,1,0,15,805,5
run-05,rrf-grid,dev-food-service,depth10-k60,food-service,development,46,TFB5139-001v3,餐飲服務人員,0.03333333333333333,1,1,1,1.0,1.0,1.0,1,0,16,805,
run-05,rrf-grid,dev-electrical,depth10-k60,electrical,development,51,CCM7412-001v4,水電工程人員,0.03333333333333333,1,1,1,1.0,1.0,1.0,1,0,16,805,3
run-05,rrf-grid,dev-interior,depth10-k60,interior,development,45,CAP2171-002v3,室內設計人員,0.03333333333333333,1,1,1,1.0,0.9176601606601069,1.0,1,0,17,805,6
run-05,rrf-grid,dev-purchasing-manager,depth10-k60,purchasing-manager,development,43,MMP1324-002v4,資材主管,0.03333333333333333,0,1,1,0.5,0.6309297535714575,1.0,2,0,17,805,7
run-05,rrf-grid,dev-marketing,depth10-k60,marketing,development,43,KMC2431-009v2,社群媒體經營人員,0.03333333333333333,0,1,1,0.3333333333333333,0.4437061128453088,0.3333333333333333,8,0,15,805,13
run-05,rrf-grid,dev-mixed,depth10-k60,mixed,development,59,FAC3313-001v2,會計助理,0.03306010928961749,1,1,1,1.0,0.5998825364500571,0.5,3,0,17,805,12
run-05,rrf-grid,dev-no-match-astronomy,depth10-k60,no-match,development,43,MQM3113-001v2,太陽光電模組製程工程人員,0.029631255487269532,,,,,,,,0,19,805,
run-05,rrf-grid,dev-no-match-quantum,depth10-k60,no-match,development,38,SET2144-007v2,振動分析工程人員,0.03278688524590164,,,,,,,,0,17,805,
run-05,rrf-grid,dev-insufficient,depth10-k60,insufficient,development,25,KPS4999-001v3,銷售助理,0.03229166666666666,,,,,,,,0,18,805,
run-05,rrf-grid,dev-accounting,depth10-k100,accounting,development,54,FAC3313-001v2,會計助理,0.0199009900990099,1,1,1,1.0,0.8339912323981488,1.0,2,0,16,805,6
run-05,rrf-grid,dev-recruiting,depth10-k100,recruiting,development,54,BHR2422-014v2,招募甄選專業人員,0.02,1,1,1,1.0,1.0,1.0,1,0,15,805,
run-05,rrf-grid,dev-web,depth10-k100,web,development,50,INM3514-001v4,網站前端開發人員,0.02,0,1,1,0.5,0.6309297535714575,1.0,2,0,18,805,
run-05,rrf-grid,dev-ux,depth10-k100,ux,development,55,SET2152-005v2,FAE工程人員【註1】,0.019345794392523364,0,1,1,0.5,0.616806456952252,0.5,2,0,18,805,7
run-05,rrf-grid,dev-testing,depth10-k100,testing,development,45,IIS3513-003v4,網站系統設計人員,0.01,0,1,1,0.5,0.5518544320968081,1.0,4,0,20,805,1
run-05,rrf-grid,dev-coffee,depth10-k100,coffee,development,55,TFB5131-002v3,咖啡調製人員,0.02,1,1,1,1.0,1.0,1.0,1,0,16,805,2
run-05,rrf-grid,dev-roasting,depth10-k100,roasting,development,53,TFB7914-001v3,咖啡烘焙人員,0.02,1,1,1,1.0,1.0,1.0,1,0,15,805,5
run-05,rrf-grid,dev-food-service,depth10-k100,food-service,development,46,TFB5139-001v3,餐飲服務人員,0.02,1,1,1,1.0,1.0,1.0,1,0,16,805,
run-05,rrf-grid,dev-electrical,depth10-k100,electrical,development,51,CCM7412-001v4,水電工程人員,0.02,1,1,1,1.0,1.0,1.0,1,0,16,805,3
run-05,rrf-grid,dev-interior,depth10-k100,interior,development,45,CAP2171-002v3,室內設計人員,0.02,1,1,1,1.0,0.9176601606601069,1.0,1,0,17,805,6
run-05,rrf-grid,dev-purchasing-manager,depth10-k100,purchasing-manager,development,43,MMP1324-002v4,資材主管,0.02,0,1,1,0.5,0.6309297535714575,1.0,2,0,17,805,7
run-05,rrf-grid,dev-marketing,depth10-k100,marketing,development,43,KMC2431-009v2,社群媒體經營人員,0.02,0,1,1,0.3333333333333333,0.4437061128453088,0.3333333333333333,8,0,15,805,13
run-05,rrf-grid,dev-mixed,depth10-k100,mixed,development,59,FAC3313-001v2,會計助理,0.0199009900990099,1,1,1,1.0,0.5998825364500571,0.5,3,0,17,805,12
run-05,rrf-grid,dev-no-match-astronomy,depth10-k100,no-match,development,43,MQM3113-001v2,太陽光電模組製程工程人員,0.018605053651782624,,,,,,,,0,19,805,
run-05,rrf-grid,dev-no-match-quantum,depth10-k100,no-match,development,38,SET2144-007v2,振動分析工程人員,0.019801980198019802,,,,,,,,0,17,805,
run-05,rrf-grid,dev-insufficient,depth10-k100,insufficient,development,25,KPS4999-001v3,銷售助理,0.019615384615384618,,,,,,,,0,18,805,
run-05,rrf-grid,dev-accounting,depth25-k2,accounting,development,54,FAC3313-001v2,會計助理,0.8333333333333333,1,1,1,1.0,0.8339912323981488,1.0,2,0,40,805,7
run-05,rrf-grid,dev-recruiting,depth25-k2,recruiting,development,54,BHR2422-014v2,招募甄選專業人員,1.0,1,1,1,1.0,1.0,1.0,1,0,43,805,20
run-05,rrf-grid,dev-web,depth25-k2,web,development,50,INM3514-001v4,網站前端開發人員,1.0,0,1,1,0.5,0.6309297535714575,1.0,2,0,44,805,
run-05,rrf-grid,dev-ux,depth25-k2,ux,development,55,SET2152-005v2,FAE工程人員【註1】,0.6111111111111112,0,1,1,0.2,0.4169636254647874,0.5,5,0,44,805,8
run-05,rrf-grid,dev-testing,depth25-k2,testing,development,45,ISD3512-002v2,軟體測試助理工程人員,0.5434782608695652,1,1,1,1.0,0.7309292742059024,1.0,3,0,43,805,2
run-05,rrf-grid,dev-coffee,depth25-k2,coffee,development,55,TFB5131-002v3,咖啡調製人員,1.0,1,1,1,1.0,1.0,1.0,1,0,39,805,2
run-05,rrf-grid,dev-roasting,depth25-k2,roasting,development,53,TFB7914-001v3,咖啡烘焙人員,1.0,1,1,1,1.0,1.0,1.0,1,0,45,805,6
run-05,rrf-grid,dev-food-service,depth25-k2,food-service,development,46,TFB5139-001v3,餐飲服務人員,1.0,1,1,1,1.0,1.0,1.0,1,0,39,805,
run-05,rrf-grid,dev-electrical,depth25-k2,electrical,development,51,CCM7412-001v4,水電工程人員,1.0,1,1,1,1.0,1.0,1.0,1,0,44,805,4
run-05,rrf-grid,dev-interior,depth25-k2,interior,development,45,CAP2171-002v3,室內設計人員,1.0,1,1,1,1.0,0.9324441894571632,1.0,1,0,39,805,6
run-05,rrf-grid,dev-purchasing-manager,depth25-k2,purchasing-manager,development,43,MMP1324-002v4,資材主管,1.0,0,1,1,0.5,0.6309297535714575,1.0,2,0,41,805,10
run-05,rrf-grid,dev-marketing,depth25-k2,marketing,development,43,KMC2431-009v2,社群媒體經營人員,1.0,0,1,1,0.3333333333333333,0.471147848177528,0.3333333333333333,6,0,41,805,15
run-05,rrf-grid,dev-mixed,depth25-k2,mixed,development,59,FAC3313-001v2,會計助理,0.8333333333333333,1,1,1,1.0,0.6643865887512646,0.5,2,0,41,805,13
run-05,rrf-grid,dev-no-match-astronomy,depth25-k2,no-match,development,43,SET2131-001v5,生技產業生物技術研發師,0.5,,,,,,,,0,46,805,
run-05,rrf-grid,dev-no-match-quantum,depth25-k2,no-match,development,38,MPD3122-001v4,半導體產業-製造-製程整合工程師,0.7,,,,,,,,0,44,805,
run-05,rrf-grid,dev-insufficient,depth25-k2,insufficient,development,25,KPS4999-001v3,銷售助理,0.6666666666666666,,,,,,,,0,43,805,
run-05,rrf-grid,dev-accounting,depth25-k20,accounting,development,54,FAC3313-001v2,會計助理,0.09761904761904762,1,1,1,1.0,0.8339912323981488,1.0,2,0,40,805,12
run-05,rrf-grid,dev-recruiting,depth25-k20,recruiting,development,54,BHR2422-014v2,招募甄選專業人員,0.1,1,1,1,1.0,1.0,1.0,1,0,43,805,20
run-05,rrf-grid,dev-web,depth25-k20,web,development,50,INM3514-001v4,網站前端開發人員,0.1,0,1,1,0.5,0.6309297535714575,1.0,2,0,44,805,
run-05,rrf-grid,dev-ux,depth25-k20,ux,development,55,SET2152-005v2,FAE工程人員【註1】,0.08703703703703704,0,1,1,0.5,0.5981923225699844,0.5,2,0,44,805,10
run-05,rrf-grid,dev-testing,depth25-k20,testing,development,45,ISD2519-002v2,軟體測試工程人員,0.07619047619047618,1,1,1,1.0,1.0,1.0,1,0,43,805,8
run-05,rrf-grid,dev-coffee,depth25-k20,coffee,development,55,TFB5131-002v3,咖啡調製人員,0.1,1,1,1,1.0,1.0,1.0,1,0,39,805,2
run-05,rrf-grid,dev-roasting,depth25-k20,roasting,development,53,TFB7914-001v3,咖啡烘焙人員,0.1,1,1,1,1.0,1.0,1.0,1,0,45,805,5
run-05,rrf-grid,dev-food-service,depth25-k20,food-service,development,46,TFB5139-001v3,餐飲服務人員,0.1,1,1,1,1.0,1.0,1.0,1,0,39,805,
run-05,rrf-grid,dev-electrical,depth25-k20,electrical,development,51,CCM7412-001v4,水電工程人員,0.1,1,1,1,1.0,1.0,1.0,1,0,44,805,3
run-05,rrf-grid,dev-interior,depth25-k20,interior,development,45,CAP2171-002v3,室內設計人員,0.1,1,1,1,1.0,0.9324441894571632,1.0,1,0,39,805,12
run-05,rrf-grid,dev-purchasing-manager,depth25-k20,purchasing-manager,development,43,MMP1324-002v4,資材主管,0.1,0,1,1,0.5,0.6309297535714575,1.0,2,0,41,805,13
run-05,rrf-grid,dev-marketing,depth25-k20,marketing,development,43,KMC2431-009v2,社群媒體經營人員,0.1,0,1,1,0.3333333333333333,0.384252024127126,0.3333333333333333,6,0,41,805,16
run-05,rrf-grid,dev-mixed,depth25-k20,mixed,development,59,FAC3313-001v2,會計助理,0.09761904761904762,1,1,1,1.0,0.45747141776516514,0.5,3,0,41,805,15
run-05,rrf-grid,dev-no-match-astronomy,depth25-k20,no-match,development,43,MQM3113-001v2,太陽光電模組製程工程人員,0.07275132275132275,,,,,,,,0,46,805,
run-05,rrf-grid,dev-no-match-quantum,depth25-k20,no-match,development,38,SET2144-007v2,振動分析工程人員,0.09523809523809523,,,,,,,,0,44,805,
run-05,rrf-grid,dev-insufficient,depth25-k20,insufficient,development,25,KPS4999-001v3,銷售助理,0.09166666666666667,,,,,,,,0,43,805,
run-05,rrf-grid,dev-accounting,depth25-k60,accounting,development,54,FAC3313-001v2,會計助理,0.03306010928961749,1,1,1,1.0,0.8339912323981488,1.0,2,0,40,805,12
run-05,rrf-grid,dev-recruiting,depth25-k60,recruiting,development,54,BHR2422-014v2,招募甄選專業人員,0.03333333333333333,1,1,1,1.0,1.0,1.0,1,0,43,805,20
run-05,rrf-grid,dev-web,depth25-k60,web,development,50,INM3514-001v4,網站前端開發人員,0.03333333333333333,0,1,1,0.5,0.6309297535714575,1.0,2,0,44,805,
run-05,rrf-grid,dev-ux,depth25-k60,ux,development,55,SET2152-005v2,FAE工程人員【註1】,0.03159203980099502,0,1,1,0.5,0.5981923225699844,0.5,2,0,44,805,10
run-05,rrf-grid,dev-testing,depth25-k60,testing,development,45,ISD2519-002v2,軟體測試工程人員,0.029726775956284153,1,1,1,1.0,1.0,1.0,1,0,43,805,8
run-05,rrf-grid,dev-coffee,depth25-k60,coffee,development,55,TFB5131-002v3,咖啡調製人員,0.03333333333333333,1,1,1,1.0,1.0,1.0,1,0,39,805,2
run-05,rrf-grid,dev-roasting,depth25-k60,roasting,development,53,TFB7914-001v3,咖啡烘焙人員,0.03333333333333333,1,1,1,1.0,1.0,1.0,1,0,45,805,5
run-05,rrf-grid,dev-food-service,depth25-k60,food-service,development,46,TFB5139-001v3,餐飲服務人員,0.03333333333333333,1,1,1,1.0,1.0,1.0,1,0,39,805,
run-05,rrf-grid,dev-electrical,depth25-k60,electrical,development,51,CCM7412-001v4,水電工程人員,0.03333333333333333,1,1,1,1.0,1.0,1.0,1,0,44,805,3
run-05,rrf-grid,dev-interior,depth25-k60,interior,development,45,CAP2171-002v3,室內設計人員,0.03333333333333333,1,1,1,1.0,0.9324441894571632,1.0,1,0,39,805,12
run-05,rrf-grid,dev-purchasing-manager,depth25-k60,purchasing-manager,development,43,MMP1324-002v4,資材主管,0.03333333333333333,0,1,1,0.5,0.6309297535714575,1.0,2,0,41,805,13
run-05,rrf-grid,dev-marketing,depth25-k60,marketing,development,43,KMC2431-009v2,社群媒體經營人員,0.03333333333333333,0,1,1,0.3333333333333333,0.384252024127126,0.3333333333333333,6,0,41,805,16
run-05,rrf-grid,dev-mixed,depth25-k60,mixed,development,59,FAC3313-001v2,會計助理,0.03306010928961749,1,1,1,1.0,0.45747141776516514,0.5,3,0,41,805,15
run-05,rrf-grid,dev-no-match-astronomy,depth25-k60,no-match,development,43,MQM3113-001v2,太陽光電模組製程工程人員,0.029631255487269532,,,,,,,,0,46,805,
run-05,rrf-grid,dev-no-match-quantum,depth25-k60,no-match,development,38,SET2144-007v2,振動分析工程人員,0.03278688524590164,,,,,,,,0,44,805,
run-05,rrf-grid,dev-insufficient,depth25-k60,insufficient,development,25,KPS4999-001v3,銷售助理,0.03229166666666666,,,,,,,,0,43,805,
run-05,rrf-grid,dev-accounting,depth25-k100,accounting,development,54,FAC3313-001v2,會計助理,0.0199009900990099,1,1,1,1.0,0.8339912323981488,1.0,2,0,40,805,12
run-05,rrf-grid,dev-recruiting,depth25-k100,recruiting,development,54,BHR2422-014v2,招募甄選專業人員,0.02,1,1,1,1.0,1.0,1.0,1,0,43,805,20
run-05,rrf-grid,dev-web,depth25-k100,web,development,50,INM3514-001v4,網站前端開發人員,0.02,0,1,1,0.5,0.6309297535714575,1.0,2,0,44,805,
run-05,rrf-grid,dev-ux,depth25-k100,ux,development,55,SET2152-005v2,FAE工程人員【註1】,0.019345794392523364,0,1,1,0.5,0.5981923225699844,0.5,2,0,44,805,10
run-05,rrf-grid,dev-testing,depth25-k100,testing,development,45,ISD2519-002v2,軟體測試工程人員,0.018596642272922945,1,1,1,1.0,1.0,1.0,1,0,43,805,8
run-05,rrf-grid,dev-coffee,depth25-k100,coffee,development,55,TFB5131-002v3,咖啡調製人員,0.02,1,1,1,1.0,1.0,1.0,1,0,39,805,2
run-05,rrf-grid,dev-roasting,depth25-k100,roasting,development,53,TFB7914-001v3,咖啡烘焙人員,0.02,1,1,1,1.0,1.0,1.0,1,0,45,805,5
run-05,rrf-grid,dev-food-service,depth25-k100,food-service,development,46,TFB5139-001v3,餐飲服務人員,0.02,1,1,1,1.0,1.0,1.0,1,0,39,805,
run-05,rrf-grid,dev-electrical,depth25-k100,electrical,development,51,CCM7412-001v4,水電工程人員,0.02,1,1,1,1.0,1.0,1.0,1,0,44,805,3
run-05,rrf-grid,dev-interior,depth25-k100,interior,development,45,CAP2171-002v3,室內設計人員,0.02,1,1,1,1.0,0.9324441894571632,1.0,1,0,39,805,12
run-05,rrf-grid,dev-purchasing-manager,depth25-k100,purchasing-manager,development,43,MMP1324-002v4,資材主管,0.02,0,1,1,0.5,0.6309297535714575,1.0,2,0,41,805,13
run-05,rrf-grid,dev-marketing,depth25-k100,marketing,development,43,KMC2431-009v2,社群媒體經營人員,0.02,0,1,1,0.3333333333333333,0.384252024127126,0.3333333333333333,6,0,41,805,16
run-05,rrf-grid,dev-mixed,depth25-k100,mixed,development,59,FAC3313-001v2,會計助理,0.0199009900990099,1,1,1,1.0,0.45747141776516514,0.5,3,0,41,805,15
run-05,rrf-grid,dev-no-match-astronomy,depth25-k100,no-match,development,43,MQM3113-001v2,太陽光電模組製程工程人員,0.018605053651782624,,,,,,,,0,46,805,
run-05,rrf-grid,dev-no-match-quantum,depth25-k100,no-match,development,38,SET2144-007v2,振動分析工程人員,0.019801980198019802,,,,,,,,0,44,805,
run-05,rrf-grid,dev-insufficient,depth25-k100,insufficient,development,25,KPS4999-001v3,銷售助理,0.019615384615384618,,,,,,,,0,43,805,
run-05,rrf-grid,dev-accounting,depth50-k2,accounting,development,54,FAC3313-001v2,會計助理,0.8333333333333333,1,1,1,1.0,0.8339912323981488,1.0,2,0,81,805,7
run-05,rrf-grid,dev-recruiting,depth50-k2,recruiting,development,54,BHR2422-014v2,招募甄選專業人員,1.0,1,1,1,1.0,1.0,1.0,1,0,85,805,21
run-05,rrf-grid,dev-web,depth50-k2,web,development,50,INM3514-001v4,網站前端開發人員,1.0,0,1,1,0.5,0.6309297535714575,1.0,2,0,83,805,
run-05,rrf-grid,dev-ux,depth50-k2,ux,development,55,SET2152-005v2,FAE工程人員【註1】,0.6111111111111112,0,1,1,0.2,0.41089568461968107,0.5,6,0,85,805,8
run-05,rrf-grid,dev-testing,depth50-k2,testing,development,45,ISD3512-002v2,軟體測試助理工程人員,0.5434782608695652,1,1,1,1.0,0.7309292742059024,1.0,3,0,81,805,2
run-05,rrf-grid,dev-coffee,depth50-k2,coffee,development,55,TFB5131-002v3,咖啡調製人員,1.0,1,1,1,1.0,1.0,1.0,1,0,83,805,2
run-05,rrf-grid,dev-roasting,depth50-k2,roasting,development,53,TFB7914-001v3,咖啡烘焙人員,1.0,1,1,1,1.0,1.0,1.0,1,0,90,805,6
run-05,rrf-grid,dev-food-service,depth50-k2,food-service,development,46,TFB5139-001v3,餐飲服務人員,1.0,1,1,1,1.0,1.0,1.0,1,0,80,805,
run-05,rrf-grid,dev-electrical,depth50-k2,electrical,development,51,CCM7412-001v4,水電工程人員,1.0,1,1,1,1.0,1.0,1.0,1,0,83,805,5
run-05,rrf-grid,dev-interior,depth50-k2,interior,development,45,CAP2171-002v3,室內設計人員,1.0,1,1,1,1.0,0.9324441894571632,1.0,1,0,83,805,6
run-05,rrf-grid,dev-purchasing-manager,depth50-k2,purchasing-manager,development,43,MMP1324-002v4,資材主管,1.0,0,1,1,0.5,0.6309297535714575,1.0,2,0,81,805,10
run-05,rrf-grid,dev-marketing,depth50-k2,marketing,development,43,KMC2431-009v2,社群媒體經營人員,1.0,0,1,1,0.3333333333333333,0.46769396230167676,0.3333333333333333,6,0,79,805,18
run-05,rrf-grid,dev-mixed,depth50-k2,mixed,development,59,FAC3313-001v2,會計助理,0.8333333333333333,1,1,1,1.0,0.6643865887512646,0.5,2,0,79,805,14
run-05,rrf-grid,dev-no-match-astronomy,depth50-k2,no-match,development,43,SET2131-001v5,生技產業生物技術研發師,0.5,,,,,,,,0,86,805,
run-05,rrf-grid,dev-no-match-quantum,depth50-k2,no-match,development,38,MPD3122-001v4,半導體產業-製造-製程整合工程師,0.7,,,,,,,,0,84,805,
run-05,rrf-grid,dev-insufficient,depth50-k2,insufficient,development,25,KPS4999-001v3,銷售助理,0.6666666666666666,,,,,,,,0,83,805,
run-05,rrf-grid,dev-accounting,depth50-k20,accounting,development,54,FAC3313-001v2,會計助理,0.09761904761904762,1,1,1,1.0,0.8339912323981488,1.0,2,0,81,805,16
run-05,rrf-grid,dev-recruiting,depth50-k20,recruiting,development,54,BHR2422-014v2,招募甄選專業人員,0.1,1,1,1,1.0,1.0,1.0,1,0,85,805,25
run-05,rrf-grid,dev-web,depth50-k20,web,development,50,INM3514-001v4,網站前端開發人員,0.1,0,1,1,0.5,0.6309297535714575,1.0,2,0,83,805,
run-05,rrf-grid,dev-ux,depth50-k20,ux,development,55,SET2152-005v2,FAE工程人員【註1】,0.08703703703703704,0,1,1,0.5,0.616806456952252,0.5,2,0,85,805,15
run-05,rrf-grid,dev-testing,depth50-k20,testing,development,45,ISD2519-002v2,軟體測試工程人員,0.07619047619047618,1,1,1,1.0,1.0,1.0,1,0,81,805,13
run-05,rrf-grid,dev-coffee,depth50-k20,coffee,development,55,TFB5131-002v3,咖啡調製人員,0.1,1,1,1,1.0,1.0,1.0,1,0,83,805,2
run-05,rrf-grid,dev-roasting,depth50-k20,roasting,development,53,TFB7914-001v3,咖啡烘焙人員,0.1,1,1,1,1.0,1.0,1.0,1,0,90,805,5
run-05,rrf-grid,dev-food-service,depth50-k20,food-service,development,46,TFB5139-001v3,餐飲服務人員,0.1,1,1,1,1.0,1.0,1.0,1,0,80,805,
run-05,rrf-grid,dev-electrical,depth50-k20,electrical,development,51,CCM7412-001v4,水電工程人員,0.1,1,1,1,1.0,1.0,1.0,1,0,83,805,3
run-05,rrf-grid,dev-interior,depth50-k20,interior,development,45,CAP2171-002v3,室內設計人員,0.1,1,1,1,1.0,0.9324441894571632,1.0,1,0,83,805,14
run-05,rrf-grid,dev-purchasing-manager,depth50-k20,purchasing-manager,development,43,MMP1324-002v4,資材主管,0.1,0,1,1,0.5,0.6309297535714575,1.0,2,0,81,805,20
run-05,rrf-grid,dev-marketing,depth50-k20,marketing,development,43,KMC2431-009v2,社群媒體經營人員,0.1,0,1,1,0.3333333333333333,0.384252024127126,0.3333333333333333,6,0,79,805,25
run-05,rrf-grid,dev-mixed,depth50-k20,mixed,development,59,FAC3313-001v2,會計助理,0.09761904761904762,1,1,1,1.0,0.5998825364500571,0.5,3,0,79,805,22
run-05,rrf-grid,dev-no-match-astronomy,depth50-k20,no-match,development,43,MQM3113-001v2,太陽光電模組製程工程人員,0.07275132275132275,,,,,,,,0,86,805,
run-05,rrf-grid,dev-no-match-quantum,depth50-k20,no-match,development,38,SET2144-007v2,振動分析工程人員,0.09523809523809523,,,,,,,,0,84,805,
run-05,rrf-grid,dev-insufficient,depth50-k20,insufficient,development,25,KPS4999-001v3,銷售助理,0.09166666666666667,,,,,,,,0,83,805,
run-05,rrf-grid,dev-accounting,depth50-k60,accounting,development,54,FAC3313-001v2,會計助理,0.03306010928961749,1,1,1,1.0,0.8339912323981488,1.0,2,0,81,805,20
run-05,rrf-grid,dev-recruiting,depth50-k60,recruiting,development,54,BHR2422-014v2,招募甄選專業人員,0.03333333333333333,1,1,1,1.0,1.0,1.0,1,0,85,805,25
run-05,rrf-grid,dev-web,depth50-k60,web,development,50,INM3514-001v4,網站前端開發人員,0.03333333333333333,0,1,1,0.5,0.6309297535714575,1.0,2,0,83,805,
run-05,rrf-grid,dev-ux,depth50-k60,ux,development,55,SET2152-005v2,FAE工程人員【註1】,0.03159203980099502,0,1,1,0.5,0.6030619581922464,0.5,2,0,85,805,17
run-05,rrf-grid,dev-testing,depth50-k60,testing,development,45,ISD2519-002v2,軟體測試工程人員,0.029726775956284153,1,1,1,1.0,1.0,1.0,1,0,81,805,20
run-05,rrf-grid,dev-coffee,depth50-k60,coffee,development,55,TFB5131-002v3,咖啡調製人員,0.03333333333333333,1,1,1,1.0,1.0,1.0,1,0,83,805,2
run-05,rrf-grid,dev-roasting,depth50-k60,roasting,development,53,TFB7914-001v3,咖啡烘焙人員,0.03333333333333333,1,1,1,1.0,1.0,1.0,1,0,90,805,5
run-05,rrf-grid,dev-food-service,depth50-k60,food-service,development,46,TFB5139-001v3,餐飲服務人員,0.03333333333333333,1,1,1,1.0,1.0,1.0,1,0,80,805,
run-05,rrf-grid,dev-electrical,depth50-k60,electrical,development,51,CCM7412-001v4,水電工程人員,0.03333333333333333,1,1,1,1.0,1.0,1.0,1,0,83,805,3
run-05,rrf-grid,dev-interior,depth50-k60,interior,development,45,CAP2171-002v3,室內設計人員,0.03333333333333333,1,1,1,1.0,0.9324441894571632,1.0,1,0,83,805,18
run-05,rrf-grid,dev-purchasing-manager,depth50-k60,purchasing-manager,development,43,MMP1324-002v4,資材主管,0.03333333333333333,0,1,1,0.5,0.6309297535714575,1.0,2,0,81,805,21
run-05,rrf-grid,dev-marketing,depth50-k60,marketing,development,43,KMC2431-009v2,社群媒體經營人員,0.03333333333333333,0,1,1,0.3333333333333333,0.384252024127126,0.3333333333333333,6,0,79,805,25
run-05,rrf-grid,dev-mixed,depth50-k60,mixed,development,59,FAC3313-001v2,會計助理,0.03306010928961749,1,1,1,1.0,0.45747141776516514,0.5,3,0,79,805,23
run-05,rrf-grid,dev-no-match-astronomy,depth50-k60,no-match,development,43,MQM3113-001v2,太陽光電模組製程工程人員,0.029631255487269532,,,,,,,,0,86,805,
run-05,rrf-grid,dev-no-match-quantum,depth50-k60,no-match,development,38,SET2144-007v2,振動分析工程人員,0.03278688524590164,,,,,,,,0,84,805,
run-05,rrf-grid,dev-insufficient,depth50-k60,insufficient,development,25,KPS4999-001v3,銷售助理,0.03229166666666666,,,,,,,,0,83,805,
run-05,rrf-grid,dev-accounting,depth50-k100,accounting,development,54,FAC3313-001v2,會計助理,0.0199009900990099,1,1,1,1.0,0.8339912323981488,1.0,2,0,81,805,20
run-05,rrf-grid,dev-recruiting,depth50-k100,recruiting,development,54,BHR2422-014v2,招募甄選專業人員,0.02,1,1,1,1.0,1.0,1.0,1,0,85,805,25
run-05,rrf-grid,dev-web,depth50-k100,web,development,50,INM3514-001v4,網站前端開發人員,0.02,0,1,1,0.5,0.6309297535714575,1.0,2,0,83,805,
run-05,rrf-grid,dev-ux,depth50-k100,ux,development,55,SET2152-005v2,FAE工程人員【註1】,0.019345794392523364,0,1,1,0.5,0.6030619581922464,0.5,2,0,85,805,17
run-05,rrf-grid,dev-testing,depth50-k100,testing,development,45,ISD2519-002v2,軟體測試工程人員,0.018596642272922945,1,1,1,1.0,1.0,1.0,1,0,81,805,20
run-05,rrf-grid,dev-coffee,depth50-k100,coffee,development,55,TFB5131-002v3,咖啡調製人員,0.02,1,1,1,1.0,1.0,1.0,1,0,83,805,2
run-05,rrf-grid,dev-roasting,depth50-k100,roasting,development,53,TFB7914-001v3,咖啡烘焙人員,0.02,1,1,1,1.0,1.0,1.0,1,0,90,805,5
run-05,rrf-grid,dev-food-service,depth50-k100,food-service,development,46,TFB5139-001v3,餐飲服務人員,0.02,1,1,1,1.0,1.0,1.0,1,0,80,805,
run-05,rrf-grid,dev-electrical,depth50-k100,electrical,development,51,CCM7412-001v4,水電工程人員,0.02,1,1,1,1.0,1.0,1.0,1,0,83,805,3
run-05,rrf-grid,dev-interior,depth50-k100,interior,development,45,CAP2171-002v3,室內設計人員,0.02,1,1,1,1.0,0.9324441894571632,1.0,1,0,83,805,18
run-05,rrf-grid,dev-purchasing-manager,depth50-k100,purchasing-manager,development,43,MMP1324-002v4,資材主管,0.02,0,1,1,0.5,0.6309297535714575,1.0,2,0,81,805,21
run-05,rrf-grid,dev-marketing,depth50-k100,marketing,development,43,KMC2431-009v2,社群媒體經營人員,0.02,0,1,1,0.3333333333333333,0.384252024127126,0.3333333333333333,6,0,79,805,25
run-05,rrf-grid,dev-mixed,depth50-k100,mixed,development,59,FAC3313-001v2,會計助理,0.0199009900990099,1,1,1,1.0,0.45747141776516514,0.5,3,0,79,805,23
run-05,rrf-grid,dev-no-match-astronomy,depth50-k100,no-match,development,43,MQM3113-001v2,太陽光電模組製程工程人員,0.018605053651782624,,,,,,,,0,86,805,
run-05,rrf-grid,dev-no-match-quantum,depth50-k100,no-match,development,38,SET2144-007v2,振動分析工程人員,0.019801980198019802,,,,,,,,0,84,805,
run-05,rrf-grid,dev-insufficient,depth50-k100,insufficient,development,25,KPS4999-001v3,銷售助理,0.019615384615384618,,,,,,,,0,83,805,
run-05,rrf-grid,dev-accounting,depth100-k2,accounting,development,54,FAC3313-001v2,會計助理,0.8333333333333333,1,1,1,1.0,0.8339912323981488,1.0,2,0,159,805,7
run-05,rrf-grid,dev-recruiting,depth100-k2,recruiting,development,54,BHR2422-014v2,招募甄選專業人員,1.0,1,1,1,1.0,1.0,1.0,1,0,170,805,21
run-05,rrf-grid,dev-web,depth100-k2,web,development,50,INM3514-001v4,網站前端開發人員,1.0,0,1,1,0.5,0.6309297535714575,1.0,2,0,165,805,
run-05,rrf-grid,dev-ux,depth100-k2,ux,development,55,SET2152-005v2,FAE工程人員【註1】,0.6111111111111112,0,1,1,0.2,0.41089568461968107,0.5,6,0,165,805,8
run-05,rrf-grid,dev-testing,depth100-k2,testing,development,45,ISD3512-002v2,軟體測試助理工程人員,0.5434782608695652,1,1,1,1.0,0.7309292742059024,1.0,3,0,159,805,2
run-05,rrf-grid,dev-coffee,depth100-k2,coffee,development,55,TFB5131-002v3,咖啡調製人員,1.0,1,1,1,1.0,1.0,1.0,1,0,156,805,2
run-05,rrf-grid,dev-roasting,depth100-k2,roasting,development,53,TFB7914-001v3,咖啡烘焙人員,1.0,1,1,1,1.0,1.0,1.0,1,0,173,805,6
run-05,rrf-grid,dev-food-service,depth100-k2,food-service,development,46,TFB5139-001v3,餐飲服務人員,1.0,1,1,1,1.0,1.0,1.0,1,0,159,805,
run-05,rrf-grid,dev-electrical,depth100-k2,electrical,development,51,CCM7412-001v4,水電工程人員,1.0,1,1,1,1.0,1.0,1.0,1,0,158,805,5
run-05,rrf-grid,dev-interior,depth100-k2,interior,development,45,CAP2171-002v3,室內設計人員,1.0,1,1,1,1.0,0.9324441894571632,1.0,1,0,163,805,5
run-05,rrf-grid,dev-purchasing-manager,depth100-k2,purchasing-manager,development,43,MMP1324-002v4,資材主管,1.0,0,1,1,0.5,0.6309297535714575,1.0,2,0,149,805,10
run-05,rrf-grid,dev-marketing,depth100-k2,marketing,development,43,KMC2431-009v2,社群媒體經營人員,1.0,0,1,1,0.3333333333333333,0.46769396230167676,0.3333333333333333,6,0,152,805,15
run-05,rrf-grid,dev-mixed,depth100-k2,mixed,development,59,FAC3313-001v2,會計助理,0.8333333333333333,1,1,1,1.0,0.6643865887512646,0.5,2,0,162,805,15
run-05,rrf-grid,dev-no-match-astronomy,depth100-k2,no-match,development,43,SET2131-001v5,生技產業生物技術研發師,0.5,,,,,,,,0,172,805,
run-05,rrf-grid,dev-no-match-quantum,depth100-k2,no-match,development,38,MPD3122-001v4,半導體產業-製造-製程整合工程師,0.7,,,,,,,,0,158,805,
run-05,rrf-grid,dev-insufficient,depth100-k2,insufficient,development,25,KPS4999-001v3,銷售助理,0.6666666666666666,,,,,,,,0,157,805,
run-05,rrf-grid,dev-accounting,depth100-k20,accounting,development,54,FAC3313-001v2,會計助理,0.09761904761904762,1,1,1,1.0,0.8339912323981488,1.0,2,0,159,805,18
run-05,rrf-grid,dev-recruiting,depth100-k20,recruiting,development,54,BHR2422-014v2,招募甄選專業人員,0.1,1,1,1,1.0,1.0,1.0,1,0,170,805,28
run-05,rrf-grid,dev-web,depth100-k20,web,development,50,INM3514-001v4,網站前端開發人員,0.1,0,1,1,0.5,0.6309297535714575,1.0,2,0,165,805,
run-05,rrf-grid,dev-ux,depth100-k20,ux,development,55,SET2152-005v2,FAE工程人員【註1】,0.08703703703703704,0,1,1,0.5,0.6090899172578711,0.5,2,0,165,805,17
run-05,rrf-grid,dev-testing,depth100-k20,testing,development,45,ISD2519-002v2,軟體測試工程人員,0.07619047619047618,1,1,1,1.0,1.0,1.0,1,0,159,805,5
run-05,rrf-grid,dev-coffee,depth100-k20,coffee,development,55,TFB5131-002v3,咖啡調製人員,0.1,1,1,1,1.0,1.0,1.0,1,0,156,805,2
run-05,rrf-grid,dev-roasting,depth100-k20,roasting,development,53,TFB7914-001v3,咖啡烘焙人員,0.1,1,1,1,1.0,1.0,1.0,1,0,173,805,5
run-05,rrf-grid,dev-food-service,depth100-k20,food-service,development,46,TFB5139-001v3,餐飲服務人員,0.1,1,1,1,1.0,1.0,1.0,1,0,159,805,
run-05,rrf-grid,dev-electrical,depth100-k20,electrical,development,51,CCM7412-001v4,水電工程人員,0.1,1,1,1,1.0,1.0,1.0,1,0,158,805,3
run-05,rrf-grid,dev-interior,depth100-k20,interior,development,45,CAP2171-002v3,室內設計人員,0.1,1,1,1,1.0,0.9324441894571632,1.0,1,0,163,805,11
run-05,rrf-grid,dev-purchasing-manager,depth100-k20,purchasing-manager,development,43,MMP1324-002v4,資材主管,0.1,0,1,1,0.5,0.6309297535714575,1.0,2,0,149,805,23
run-05,rrf-grid,dev-marketing,depth100-k20,marketing,development,43,KMC2431-009v2,社群媒體經營人員,0.1,0,1,1,0.3333333333333333,0.384252024127126,0.3333333333333333,6,0,152,805,18
run-05,rrf-grid,dev-mixed,depth100-k20,mixed,development,59,FAC3313-001v2,會計助理,0.09761904761904762,1,1,1,1.0,0.5998825364500571,0.5,3,0,162,805,25
run-05,rrf-grid,dev-no-match-astronomy,depth100-k20,no-match,development,43,MQM3113-001v2,太陽光電模組製程工程人員,0.07275132275132275,,,,,,,,0,172,805,
run-05,rrf-grid,dev-no-match-quantum,depth100-k20,no-match,development,38,SET2144-007v2,振動分析工程人員,0.09523809523809523,,,,,,,,0,158,805,
run-05,rrf-grid,dev-insufficient,depth100-k20,insufficient,development,25,KPS4999-001v3,銷售助理,0.09166666666666667,,,,,,,,0,157,805,
run-05,rrf-grid,dev-accounting,depth100-k60,accounting,development,54,FAC3313-001v2,會計助理,0.03306010928961749,1,1,1,1.0,0.8339912323981488,1.0,2,0,159,805,35
run-05,rrf-grid,dev-recruiting,depth100-k60,recruiting,development,54,BHR2422-014v2,招募甄選專業人員,0.03333333333333333,1,1,1,1.0,1.0,1.0,1,0,170,805,38
run-05,rrf-grid,dev-web,depth100-k60,web,development,50,INM3514-001v4,網站前端開發人員,0.03333333333333333,0,1,1,0.5,0.6309297535714575,1.0,2,0,165,805,
run-05,rrf-grid,dev-ux,depth100-k60,ux,development,55,SET2152-005v2,FAE工程人員【註1】,0.03159203980099502,0,1,1,0.5,0.6030619581922464,0.5,2,0,165,805,28
run-05,rrf-grid,dev-testing,depth100-k60,testing,development,45,ISD2519-002v2,軟體測試工程人員,0.029726775956284153,1,1,1,1.0,1.0,1.0,1,0,159,805,9
run-05,rrf-grid,dev-coffee,depth100-k60,coffee,development,55,TFB5131-002v3,咖啡調製人員,0.03333333333333333,1,1,1,1.0,1.0,1.0,1,0,156,805,2
run-05,rrf-grid,dev-roasting,depth100-k60,roasting,development,53,TFB7914-001v3,咖啡烘焙人員,0.03333333333333333,1,1,1,1.0,1.0,1.0,1,0,173,805,5
run-05,rrf-grid,dev-food-service,depth100-k60,food-service,development,46,TFB5139-001v3,餐飲服務人員,0.03333333333333333,1,1,1,1.0,1.0,1.0,1,0,159,805,
run-05,rrf-grid,dev-electrical,depth100-k60,electrical,development,51,CCM7412-001v4,水電工程人員,0.03333333333333333,1,1,1,1.0,1.0,1.0,1,0,158,805,3
run-05,rrf-grid,dev-interior,depth100-k60,interior,development,45,CAP2171-002v3,室內設計人員,0.03333333333333333,1,1,1,1.0,0.9324441894571632,1.0,1,0,163,805,13
run-05,rrf-grid,dev-purchasing-manager,depth100-k60,purchasing-manager,development,43,MMP1324-002v4,資材主管,0.03333333333333333,0,1,1,0.5,0.6309297535714575,1.0,2,0,149,805,45
run-05,rrf-grid,dev-marketing,depth100-k60,marketing,development,43,KMC2431-009v2,社群媒體經營人員,0.03333333333333333,0,1,1,0.3333333333333333,0.384252024127126,0.3333333333333333,6,0,152,805,25
run-05,rrf-grid,dev-mixed,depth100-k60,mixed,development,59,FAC3313-001v2,會計助理,0.03306010928961749,1,1,1,1.0,0.45747141776516514,0.5,3,0,162,805,37
run-05,rrf-grid,dev-no-match-astronomy,depth100-k60,no-match,development,43,MQM3113-001v2,太陽光電模組製程工程人員,0.029631255487269532,,,,,,,,0,172,805,
run-05,rrf-grid,dev-no-match-quantum,depth100-k60,no-match,development,38,SET2144-007v2,振動分析工程人員,0.03278688524590164,,,,,,,,0,158,805,
run-05,rrf-grid,dev-insufficient,depth100-k60,insufficient,development,25,KPS4999-001v3,銷售助理,0.03229166666666666,,,,,,,,0,157,805,
run-05,rrf-grid,dev-accounting,depth100-k100,accounting,development,54,FAC3313-001v2,會計助理,0.0199009900990099,1,1,1,1.0,0.8339912323981488,1.0,2,0,159,805,42
run-05,rrf-grid,dev-recruiting,depth100-k100,recruiting,development,54,BHR2422-014v2,招募甄選專業人員,0.02,1,1,1,1.0,1.0,1.0,1,0,170,805,39
run-05,rrf-grid,dev-web,depth100-k100,web,development,50,INM3514-001v4,網站前端開發人員,0.02,0,1,1,0.5,0.6309297535714575,1.0,2,0,165,805,
run-05,rrf-grid,dev-ux,depth100-k100,ux,development,55,SET2152-005v2,FAE工程人員【註1】,0.019345794392523364,0,1,1,0.5,0.6030619581922464,0.5,2,0,165,805,36
run-05,rrf-grid,dev-testing,depth100-k100,testing,development,45,ISD2519-002v2,軟體測試工程人員,0.018596642272922945,1,1,1,1.0,1.0,1.0,1,0,159,805,12
run-05,rrf-grid,dev-coffee,depth100-k100,coffee,development,55,TFB5131-002v3,咖啡調製人員,0.02,1,1,1,1.0,1.0,1.0,1,0,156,805,2
run-05,rrf-grid,dev-roasting,depth100-k100,roasting,development,53,TFB7914-001v3,咖啡烘焙人員,0.02,1,1,1,1.0,1.0,1.0,1,0,173,805,5
run-05,rrf-grid,dev-food-service,depth100-k100,food-service,development,46,TFB5139-001v3,餐飲服務人員,0.02,1,1,1,1.0,1.0,1.0,1,0,159,805,
run-05,rrf-grid,dev-electrical,depth100-k100,electrical,development,51,CCM7412-001v4,水電工程人員,0.02,1,1,1,1.0,1.0,1.0,1,0,158,805,3
run-05,rrf-grid,dev-interior,depth100-k100,interior,development,45,CAP2171-002v3,室內設計人員,0.02,1,1,1,1.0,0.9324441894571632,1.0,1,0,163,805,13
run-05,rrf-grid,dev-purchasing-manager,depth100-k100,purchasing-manager,development,43,MMP1324-002v4,資材主管,0.02,0,1,1,0.5,0.6309297535714575,1.0,2,0,149,805,53
run-05,rrf-grid,dev-marketing,depth100-k100,marketing,development,43,KMC2431-009v2,社群媒體經營人員,0.02,0,1,1,0.3333333333333333,0.384252024127126,0.3333333333333333,6,0,152,805,26
run-05,rrf-grid,dev-mixed,depth100-k100,mixed,development,59,FAC3313-001v2,會計助理,0.0199009900990099,1,1,1,1.0,0.45747141776516514,0.5,3,0,162,805,39
run-05,rrf-grid,dev-no-match-astronomy,depth100-k100,no-match,development,43,MQM3113-001v2,太陽光電模組製程工程人員,0.018605053651782624,,,,,,,,0,172,805,
run-05,rrf-grid,dev-no-match-quantum,depth100-k100,no-match,development,38,SET2144-007v2,振動分析工程人員,0.019801980198019802,,,,,,,,0,158,805,
run-05,rrf-grid,dev-insufficient,depth100-k100,insufficient,development,25,KPS4999-001v3,銷售助理,0.019615384615384618,,,,,,,,0,157,805,
run-05,selected-memory,procurement-cut44,B2+TOPKS+RRF-exact,procurement,input-pilot,1196,BAS3323-001v4,採購人員,0.08695652,1,1,1,1.0,0.8107386164741188,0.5,1,0,10,805,6
run-05,selected-memory,inventory-control-cut2,B2+TOPKS+RRF-exact,inventory,input-pilot,198,MMP4321-003v4,零售業倉儲管理人員,0.07941177,1,1,1,1.0,0.7452525342261976,0.5,1,0,10,805,
run-05,selected-memory,inventory-control-cut4,B2+TOPKS+RRF-exact,inventory,input-pilot,340,RLM4323-004v1,冷鏈倉儲物流人員,0.09347826,0,1,1,0.25,0.3741951202093122,0.5,4,0,10,805,
run-05,selected-memory,inventory-compacted-cut2,B2+TOPKS+RRF-exact,inventory,input-pilot,355,FAC4311-001v2,會計人員,0.07702703,0,0,0,0,0.03204905244952618,0.0,,0,10,805,
run-05,selected-memory,inventory-compacted-cut4,B2+TOPKS+RRF-exact,inventory,input-pilot,553,RLM4323-004v1,冷鏈倉儲物流人員,0.07941177,0,0,0,0,0.03204905244952618,0.0,,0,10,805,
memory-01,memory-method,procurement-cut44,top-dense,procurement,input-pilot,1196,KRM3323-002v4,零售商品採購人員,0.7454734174153883,0,1,1,0.3333333333333333,0.6289921088377346,1.0,3,0,805,805,7
memory-01,memory-method,procurement-cut44,top-sparse,procurement,input-pilot,1196,MQM2141-001v4,醫療器材產業品質保證工程師,0.7754694183822721,0,0,0,0.08333333333333333,0.0321133989373068,0.0,12,0,805,805,10
memory-01,memory-method,procurement-cut44,top-rrf,procurement,input-pilot,1196,KRM1324-001v1,供應鏈管理人員,0.03278688524590164,0,1,1,0.25,0.39405065025201613,0.5,4,0,80,805,7
memory-01,memory-method,inventory-control-cut2,top-dense,inventory,input-pilot,198,MMP4321-003v4,零售業倉儲管理人員,0.7106559456518423,1,1,1,1.0,0.7452525342261976,0.5,1,0,805,805,66
memory-01,memory-method,inventory-control-cut2,top-sparse,inventory,input-pilot,198,RLM4323-004v1,冷鏈倉儲物流人員,0.361296737100929,0,0,0,0.02857142857142857,0.0,0.0,35,0,805,805,219
memory-01,memory-method,inventory-control-cut2,top-rrf,inventory,input-pilot,198,MMP1324-003v4,倉管主管,0.029709507042253523,0,0,1,0.16666666666666666,0.26546430890183886,0.0,6,0,86,805,
memory-01,memory-method,inventory-control-cut4,top-dense,inventory,input-pilot,340,MMP4321-003v4,零售業倉儲管理人員,0.72757359057647,1,1,1,1.0,0.7788383912096147,0.5,1,0,805,805,16
memory-01,memory-method,inventory-control-cut4,top-sparse,inventory,input-pilot,340,RLM4323-004v1,冷鏈倉儲物流人員,0.40954899974167347,0,0,0,0.05263157894736842,0.030775184909865944,0.0,30,0,805,805,50
memory-01,memory-method,inventory-control-cut4,top-rrf,inventory,input-pilot,340,RLM4323-004v1,冷鏈倉儲物流人員,0.032539682539682535,0,0,1,0.125,0.2809528269319213,0.0,8,0,80,805,20
memory-01,memory-method,inventory-compacted-cut2,top-dense,inventory,input-pilot,355,MMP4321-003v4,零售業倉儲管理人員,0.7075911593018835,1,1,1,1.0,0.7452525342261976,0.5,1,0,805,805,44
memory-01,memory-method,inventory-compacted-cut2,top-sparse,inventory,input-pilot,355,RLM4323-004v1,冷鏈倉儲物流人員,0.4287309593055397,0,0,0,0.018518518518518517,0.0,0.0,54,0,805,805,110
memory-01,memory-method,inventory-compacted-cut2,top-rrf,inventory,input-pilot,355,FAC4311-001v2,會計人員,0.03009207275993712,0,0,0,0.07692307692307693,0.0,0.0,13,0,88,805,79
memory-01,memory-method,inventory-compacted-cut4,top-dense,inventory,input-pilot,553,MMP4321-003v4,零售業倉儲管理人員,0.7149092552141869,1,1,1,1.0,0.7452525342261976,0.5,1,0,805,805,25
memory-01,memory-method,inventory-compacted-cut4,top-sparse,inventory,input-pilot,553,RLM4323-004v1,冷鏈倉儲物流人員,0.4542670582886785,0,0,0,0.029411764705882353,0.0,0.0,89,0,805,805,63
memory-01,memory-method,inventory-compacted-cut4,top-rrf,inventory,input-pilot,553,KRM1324-002v1,供應鏈管理助理,0.029631255487269532,0,0,0,0.07692307692307693,0.0,0.0,17,0,84,805,46
memory-01,memory-method,procurement-cut44,topks-dense,procurement,input-pilot,1196,KRM3323-001v4,綜合零售業商品採購人員,0.7391471650434451,0,1,1,0.25,0.5692553314276677,0.5,4,0,805,805,7
memory-01,memory-method,procurement-cut44,topks-sparse,procurement,input-pilot,1196,KMC3332-001v3,活動（專案）行銷企劃人員【註1】,0.8032950307242572,0,1,1,0.25,0.3068912705684739,0.5,4,0,805,805,10
memory-01,memory-method,procurement-cut44,topks-rrf,procurement,input-pilot,1196,BAS3323-001v4,採購人員,0.031746031746031744,1,1,1,1.0,0.7974103516858351,0.5,1,0,82,805,5
memory-01,memory-method,inventory-control-cut2,topks-dense,inventory,input-pilot,198,MMP4321-003v4,零售業倉儲管理人員,0.6981957416396416,1,1,1,1.0,0.7452525342261976,0.5,1,0,805,805,89
memory-01,memory-method,inventory-control-cut2,topks-sparse,inventory,input-pilot,198,KRM4212-002v2,運動彩券經銷商,0.3258092999458313,0,0,0,0.06666666666666667,0.0,0.0,15,0,805,805,175
memory-01,memory-method,inventory-control-cut2,topks-rrf,inventory,input-pilot,198,MMP4321-003v4,零售業倉儲管理人員,0.03018018018018018,1,1,1,1.0,0.7760277191360635,0.5,1,0,85,805,
memory-01,memory-method,inventory-control-cut4,topks-dense,inventory,input-pilot,340,MMP4321-003v4,零售業倉儲管理人員,0.7206745262909757,1,1,1,1.0,0.7864386820782063,0.5,1,0,805,805,12
memory-01,memory-method,inventory-control-cut4,topks-sparse,inventory,input-pilot,340,RLM4323-004v1,冷鏈倉儲物流人員,0.359657600405626,0,0,0,0.06666666666666667,0.03204905244952618,0.0,23,0,805,805,60
memory-01,memory-method,inventory-control-cut4,topks-rrf,inventory,input-pilot,340,RLM4323-004v1,冷鏈倉儲物流人員,0.032539682539682535,0,1,1,0.2,0.3415353588373607,0.5,5,0,82,805,26
memory-01,memory-method,inventory-compacted-cut2,topks-dense,inventory,input-pilot,355,FAC4311-001v2,會計人員,0.7097856313758879,0,1,1,0.5,0.47020199776783905,0.5,2,0,805,805,62
memory-01,memory-method,inventory-compacted-cut2,topks-sparse,inventory,input-pilot,355,RLM4323-004v1,冷鏈倉儲物流人員,0.3591100227786228,0,0,0,0.019230769230769232,0.0,0.0,52,0,805,805,103
memory-01,memory-method,inventory-compacted-cut2,topks-rrf,inventory,input-pilot,355,FAC4311-001v2,會計人員,0.029653679653679654,0,0,0,0.06666666666666667,0.03358585698341708,0.0,15,0,87,805,
memory-01,memory-method,inventory-compacted-cut4,topks-dense,inventory,input-pilot,553,FAC2411-001v2,企業內部稽核人員,0.7071578246329177,0,1,1,0.3333333333333333,0.3726262671130988,0.5,3,0,805,805,30
memory-01,memory-method,inventory-compacted-cut4,topks-sparse,inventory,input-pilot,553,RLM4323-004v1,冷鏈倉儲物流人員,0.3921677098842338,0,0,0,0.038461538461538464,0.0,0.0,75,0,805,805,65
memory-01,memory-method,inventory-compacted-cut4,topks-rrf,inventory,input-pilot,553,RLM4323-004v1,冷鏈倉儲物流人員,0.03018018018018018,0,0,0,0.058823529411764705,0.03358585698341708,0.0,17,0,85,805,51
memory-02,memory-method,procurement-cut44,top-dense,procurement,input-pilot,1196,KRM3323-002v4,零售商品採購人員,0.7454734174153883,0,1,1,0.3333333333333333,0.6289921088377346,1.0,3,0,805,805,7
memory-02,memory-method,procurement-cut44,top-sparse,procurement,input-pilot,1196,MQM2141-001v4,醫療器材產業品質保證工程師,0.7754694183822721,0,0,0,0.08333333333333333,0.0321133989373068,0.0,12,0,805,805,10
memory-02,memory-method,procurement-cut44,top-rrf,procurement,input-pilot,1196,KRM1324-001v1,供應鏈管理人員,0.03278688524590164,0,1,1,0.25,0.39405065025201613,0.5,4,0,80,805,7
memory-02,memory-method,inventory-control-cut2,top-dense,inventory,input-pilot,198,MMP4321-003v4,零售業倉儲管理人員,0.7106559456518423,1,1,1,1.0,0.7452525342261976,0.5,1,0,805,805,66
memory-02,memory-method,inventory-control-cut2,top-sparse,inventory,input-pilot,198,RLM4323-004v1,冷鏈倉儲物流人員,0.361296737100929,0,0,0,0.02857142857142857,0.0,0.0,35,0,805,805,219
memory-02,memory-method,inventory-control-cut2,top-rrf,inventory,input-pilot,198,MMP1324-003v4,倉管主管,0.029709507042253523,0,0,1,0.16666666666666666,0.26546430890183886,0.0,6,0,86,805,
memory-02,memory-method,inventory-control-cut4,top-dense,inventory,input-pilot,340,MMP4321-003v4,零售業倉儲管理人員,0.72757359057647,1,1,1,1.0,0.7788383912096147,0.5,1,0,805,805,16
memory-02,memory-method,inventory-control-cut4,top-sparse,inventory,input-pilot,340,RLM4323-004v1,冷鏈倉儲物流人員,0.40954899974167347,0,0,0,0.05263157894736842,0.030775184909865944,0.0,30,0,805,805,50
memory-02,memory-method,inventory-control-cut4,top-rrf,inventory,input-pilot,340,RLM4323-004v1,冷鏈倉儲物流人員,0.032539682539682535,0,0,1,0.125,0.2809528269319213,0.0,8,0,80,805,20
memory-02,memory-method,inventory-compacted-cut2,top-dense,inventory,input-pilot,355,MMP4321-003v4,零售業倉儲管理人員,0.7075911593018835,1,1,1,1.0,0.7452525342261976,0.5,1,0,805,805,44
memory-02,memory-method,inventory-compacted-cut2,top-sparse,inventory,input-pilot,355,RLM4323-004v1,冷鏈倉儲物流人員,0.4287309593055397,0,0,0,0.018518518518518517,0.0,0.0,54,0,805,805,110
memory-02,memory-method,inventory-compacted-cut2,top-rrf,inventory,input-pilot,355,FAC4311-001v2,會計人員,0.03009207275993712,0,0,0,0.07692307692307693,0.0,0.0,13,0,88,805,79
memory-02,memory-method,inventory-compacted-cut4,top-dense,inventory,input-pilot,553,MMP4321-003v4,零售業倉儲管理人員,0.7149092552141869,1,1,1,1.0,0.7452525342261976,0.5,1,0,805,805,25
memory-02,memory-method,inventory-compacted-cut4,top-sparse,inventory,input-pilot,553,RLM4323-004v1,冷鏈倉儲物流人員,0.4542670582886785,0,0,0,0.029411764705882353,0.0,0.0,89,0,805,805,63
memory-02,memory-method,inventory-compacted-cut4,top-rrf,inventory,input-pilot,553,KRM1324-002v1,供應鏈管理助理,0.029631255487269532,0,0,0,0.07692307692307693,0.0,0.0,17,0,84,805,46
memory-02,memory-method,procurement-cut44,topks-dense,procurement,input-pilot,1196,KRM3323-001v4,綜合零售業商品採購人員,0.7391471650434451,0,1,1,0.25,0.5692553314276677,0.5,4,0,805,805,7
memory-02,memory-method,procurement-cut44,topks-sparse,procurement,input-pilot,1196,KMC3332-001v3,活動（專案）行銷企劃人員【註1】,0.8032950307242572,0,1,1,0.25,0.3068912705684739,0.5,4,0,805,805,10
memory-02,memory-method,procurement-cut44,topks-rrf,procurement,input-pilot,1196,BAS3323-001v4,採購人員,0.031746031746031744,1,1,1,1.0,0.7974103516858351,0.5,1,0,82,805,5
memory-02,memory-method,inventory-control-cut2,topks-dense,inventory,input-pilot,198,MMP4321-003v4,零售業倉儲管理人員,0.6981957416396416,1,1,1,1.0,0.7452525342261976,0.5,1,0,805,805,89
memory-02,memory-method,inventory-control-cut2,topks-sparse,inventory,input-pilot,198,KRM4212-002v2,運動彩券經銷商,0.3258092999458313,0,0,0,0.06666666666666667,0.0,0.0,15,0,805,805,175
memory-02,memory-method,inventory-control-cut2,topks-rrf,inventory,input-pilot,198,MMP4321-003v4,零售業倉儲管理人員,0.03018018018018018,1,1,1,1.0,0.7760277191360635,0.5,1,0,85,805,
memory-02,memory-method,inventory-control-cut4,topks-dense,inventory,input-pilot,340,MMP4321-003v4,零售業倉儲管理人員,0.7206745262909757,1,1,1,1.0,0.7864386820782063,0.5,1,0,805,805,12
memory-02,memory-method,inventory-control-cut4,topks-sparse,inventory,input-pilot,340,RLM4323-004v1,冷鏈倉儲物流人員,0.359657600405626,0,0,0,0.06666666666666667,0.03204905244952618,0.0,23,0,805,805,60
memory-02,memory-method,inventory-control-cut4,topks-rrf,inventory,input-pilot,340,RLM4323-004v1,冷鏈倉儲物流人員,0.032539682539682535,0,1,1,0.2,0.3415353588373607,0.5,5,0,82,805,26
memory-02,memory-method,inventory-compacted-cut2,topks-dense,inventory,input-pilot,355,FAC4311-001v2,會計人員,0.7097856313758879,0,1,1,0.5,0.47020199776783905,0.5,2,0,805,805,62
memory-02,memory-method,inventory-compacted-cut2,topks-sparse,inventory,input-pilot,355,RLM4323-004v1,冷鏈倉儲物流人員,0.3591100227786228,0,0,0,0.019230769230769232,0.0,0.0,52,0,805,805,103
memory-02,memory-method,inventory-compacted-cut2,topks-rrf,inventory,input-pilot,355,FAC4311-001v2,會計人員,0.029653679653679654,0,0,0,0.06666666666666667,0.03358585698341708,0.0,15,0,87,805,
memory-02,memory-method,inventory-compacted-cut4,topks-dense,inventory,input-pilot,553,FAC2411-001v2,企業內部稽核人員,0.7071578246329177,0,1,1,0.3333333333333333,0.3726262671130988,0.5,3,0,805,805,30
memory-02,memory-method,inventory-compacted-cut4,topks-sparse,inventory,input-pilot,553,RLM4323-004v1,冷鏈倉儲物流人員,0.3921677098842338,0,0,0,0.038461538461538464,0.0,0.0,75,0,805,805,65
memory-02,memory-method,inventory-compacted-cut4,topks-rrf,inventory,input-pilot,553,RLM4323-004v1,冷鏈倉儲物流人員,0.03018018018018018,0,0,0,0.058823529411764705,0.03358585698341708,0.0,17,0,85,805,51
candidate-01,holdout,hold-accounting,dense,accounting,holdout,58,FAC3313-001v2,會計助理,0.7884931584184076,1,1,1,1.0,0.8339912323981488,1.0,2,0,805,805,3
candidate-01,holdout,hold-recruiting,dense,recruiting,holdout,58,BHR2422-014v2,招募甄選專業人員,0.7394775482845224,1,1,1,1.0,1.0,1.0,1,0,805,805,66
candidate-01,holdout,hold-web,dense,web,holdout,51,網路維修助理,網路維修助理,0.7157324219889979,0,0,0,0.029411764705882353,0.0,0.0,34,0,805,805,143
candidate-01,holdout,hold-ux,dense,ux,holdout,55,SET2152-005v2,FAE工程人員【註1】,0.7126425804209613,0,1,1,0.5,0.606422698504514,1.0,3,0,805,805,120
candidate-01,holdout,hold-testing,dense,testing,holdout,54,ISD2152-004v5,行動裝置程式設計師,0.7495339592127325,0,1,1,0.25,0.469514592756915,1.0,4,0,805,805,118
candidate-01,holdout,hold-coffee,dense,coffee,holdout,55,TFB5131-002v3,咖啡調製人員,0.8128276773775531,1,1,1,1.0,1.0,1.0,1,0,805,805,3
candidate-01,holdout,hold-roasting,dense,roasting,holdout,54,TFB7914-001v3,咖啡烘焙人員,0.8084573184192929,1,1,1,1.0,1.0,1.0,1,0,805,805,20
candidate-01,holdout,hold-food-service,dense,food-service,holdout,54,連鎖餐飲門市服務人員,連鎖餐飲門市服務人員,0.7759380716670903,0,1,1,0.5,0.6309297535714575,1.0,2,0,805,805,
candidate-01,holdout,hold-electrical,dense,electrical,holdout,57,CCM7412-002v4,水電工程助理,0.7934618009086721,1,1,1,1.0,0.8339912323981488,1.0,2,0,805,805,7
candidate-01,holdout,hold-interior,dense,interior,holdout,53,CAP2171-003v3,室內設計助理,0.786281324765006,1,1,1,1.0,0.8339912323981488,1.0,2,0,805,805,50
candidate-01,holdout,hold-purchasing-manager,dense,purchasing-manager,holdout,46,BAS3323-001v4,採購人員,0.7366399521135233,0,0,0,0.07142857142857142,0.0,0.0,14,0,805,805,6
candidate-01,holdout,hold-marketing,dense,marketing,holdout,47,FFN2412-002v3,銀行─數位行銷人員（屬金融科技*人才）,0.7335655780520927,0,1,1,0.5,0.5389081574594713,0.6666666666666666,5,0,805,805,129
candidate-01,holdout,hold-mixed,dense,mixed,holdout,59,KPS2434-004v2,醫療器材產業業務助理,0.6733797660161054,0,1,1,0.3333333333333333,0.47164739851123466,0.5,5,0,805,805,8
candidate-01,holdout,hold-no-match-paleontology,dense,no-match,holdout,35,KPS5292-001v2,中古汽車銷售人員,0.6183920188763543,,,,,,,,0,805,805,
candidate-01,holdout,hold-no-match-cryptography,dense,no-match,holdout,46,INM7421-011v3,資通網路資深技術人員,0.6315912541667674,,,,,,,,0,805,805,
candidate-01,holdout,hold-insufficient,dense,insufficient,holdout,30,BAS1219-003v4,行政總務管理人員,0.6984330952235895,,,,,,,,0,805,805,
candidate-01,rrf-grid,dev-accounting,depth10-k2,accounting,development,54,FAC3313-001v2,會計助理,0.8333333333333333,1,1,1,1.0,0.8339912323981488,1.0,2,0,17,805,4
candidate-01,rrf-grid,dev-recruiting,depth10-k2,recruiting,development,54,BHR2422-014v2,招募甄選專業人員,1.0,1,1,1,1.0,1.0,1.0,1,0,17,805,
candidate-01,rrf-grid,dev-web,depth10-k2,web,development,50,INM3514-001v4,網站前端開發人員,1.0,0,1,1,0.3333333333333333,0.5,1.0,3,0,17,805,
candidate-01,rrf-grid,dev-ux,depth10-k2,ux,development,55,ISD3513-001v1,商業智慧（BI）系統開發人員,0.5,0,0,1,0.14285714285714285,0.3494078042953939,0.0,9,0,20,805,5
candidate-01,rrf-grid,dev-testing,depth10-k2,testing,development,45,INM3513-001v4,網路資訊安全人員,0.5,0,1,1,0.5,0.6653152460429406,1.0,2,0,20,805,16
candidate-01,rrf-grid,dev-coffee,depth10-k2,coffee,development,55,TFB5131-002v3,咖啡調製人員,1.0,1,1,1,1.0,1.0,1.0,1,0,16,805,2
candidate-01,rrf-grid,dev-roasting,depth10-k2,roasting,development,53,TFB7914-001v3,咖啡烘焙人員,1.0,1,1,1,1.0,0.9176601606601069,1.0,1,0,17,805,7
candidate-01,rrf-grid,dev-food-service,depth10-k2,food-service,development,46,TFB5139-001v3,餐飲服務人員,1.0,1,1,1,1.0,1.0,1.0,1,0,16,805,
candidate-01,rrf-grid,dev-electrical,depth10-k2,electrical,development,51,CCM7412-001v4,水電工程人員,1.0,1,1,1,1.0,1.0,1.0,1,0,18,805,5
candidate-01,rrf-grid,dev-interior,depth10-k2,interior,development,45,CAP2171-002v3,室內設計人員,0.8333333333333333,1,1,1,1.0,0.95583058934618,1.0,1,0,17,805,8
candidate-01,rrf-grid,dev-purchasing-manager,depth10-k2,purchasing-manager,development,43,MMP1324-002v4,資材主管,0.8333333333333333,0,1,1,0.5,0.6309297535714575,1.0,2,0,18,805,7
candidate-01,rrf-grid,dev-marketing,depth10-k2,marketing,development,43,KMC2431-009v2,社群媒體經營人員,1.0,0,1,1,0.3333333333333333,0.4804725838742658,0.3333333333333333,6,0,17,805,
candidate-01,rrf-grid,dev-mixed,depth10-k2,mixed,development,59,FAC3313-001v2,會計助理,0.6666666666666666,1,1,1,1.0,0.7125629647347017,0.75,2,0,17,805,16
candidate-01,rrf-grid,dev-no-match-astronomy,depth10-k2,no-match,development,43,SET2131-001v5,生技產業生物技術研發師,0.5,,,,,,,,0,20,805,
candidate-01,rrf-grid,dev-no-match-quantum,depth10-k2,no-match,development,38,SET2144-007v2,振動分析工程人員,0.8333333333333333,,,,,,,,0,17,805,
candidate-01,rrf-grid,dev-insufficient,depth10-k2,insufficient,development,25,KPS2434-004v2,醫療器材產業業務助理,0.5,,,,,,,,0,18,805,
candidate-01,rrf-grid,dev-accounting,depth10-k20,accounting,development,54,FAC3313-001v2,會計助理,0.09761904761904762,1,1,1,1.0,0.8339912323981488,1.0,2,0,17,805,5
candidate-01,rrf-grid,dev-recruiting,depth10-k20,recruiting,development,54,BHR2422-014v2,招募甄選專業人員,0.1,1,1,1,1.0,1.0,1.0,1,0,17,805,
candidate-01,rrf-grid,dev-web,depth10-k20,web,development,50,INM3514-001v4,網站前端開發人員,0.1,0,1,1,0.3333333333333333,0.5,1.0,3,0,17,805,
candidate-01,rrf-grid,dev-ux,depth10-k20,ux,development,55,ISD3513-001v1,商業智慧（BI）系統開發人員,0.05,0,0,1,0.14285714285714285,0.3494078042953939,0.0,9,0,20,805,5
candidate-01,rrf-grid,dev-testing,depth10-k20,testing,development,45,INM3513-001v4,網路資訊安全人員,0.05,0,1,1,0.5,0.6653152460429406,1.0,2,0,20,805,16
candidate-01,rrf-grid,dev-coffee,depth10-k20,coffee,development,55,TFB5131-002v3,咖啡調製人員,0.1,1,1,1,1.0,1.0,1.0,1,0,16,805,2
candidate-01,rrf-grid,dev-roasting,depth10-k20,roasting,development,53,TFB7914-001v3,咖啡烘焙人員,0.1,1,1,1,1.0,0.9176601606601069,1.0,1,0,17,805,7
candidate-01,rrf-grid,dev-food-service,depth10-k20,food-service,development,46,TFB5139-001v3,餐飲服務人員,0.1,1,1,1,1.0,1.0,1.0,1,0,16,805,
candidate-01,rrf-grid,dev-electrical,depth10-k20,electrical,development,51,CCM7412-001v4,水電工程人員,0.1,1,1,1,1.0,0.95583058934618,1.0,1,0,18,805,5
candidate-01,rrf-grid,dev-interior,depth10-k20,interior,development,45,CAP2171-002v3,室內設計人員,0.09761904761904762,1,1,1,1.0,0.9324441894571632,1.0,1,0,17,805,8
candidate-01,rrf-grid,dev-purchasing-manager,depth10-k20,purchasing-manager,development,43,MMP1324-002v4,資材主管,0.09761904761904762,0,1,1,0.5,0.6309297535714575,1.0,2,0,18,805,7
candidate-01,rrf-grid,dev-marketing,depth10-k20,marketing,development,43,KMC2431-009v2,社群媒體經營人員,0.1,0,1,1,0.3333333333333333,0.4804725838742658,0.3333333333333333,6,0,17,805,
candidate-01,rrf-grid,dev-mixed,depth10-k20,mixed,development,59,FAC3313-001v2,會計助理,0.09523809523809523,1,1,1,1.0,0.7125629647347017,0.75,2,0,17,805,16
candidate-01,rrf-grid,dev-no-match-astronomy,depth10-k20,no-match,development,43,SET2131-001v5,生技產業生物技術研發師,0.05,,,,,,,,0,20,805,
candidate-01,rrf-grid,dev-no-match-quantum,depth10-k20,no-match,development,38,SET2144-007v2,振動分析工程人員,0.09761904761904762,,,,,,,,0,17,805,
candidate-01,rrf-grid,dev-insufficient,depth10-k20,insufficient,development,25,KPS4999-001v3,銷售助理,0.08249158249158249,,,,,,,,0,18,805,
candidate-01,rrf-grid,dev-accounting,depth10-k60,accounting,development,54,FAC3313-001v2,會計助理,0.03306010928961749,1,1,1,1.0,0.8339912323981488,1.0,2,0,17,805,5
candidate-01,rrf-grid,dev-recruiting,depth10-k60,recruiting,development,54,BHR2422-014v2,招募甄選專業人員,0.03333333333333333,1,1,1,1.0,1.0,1.0,1,0,17,805,
candidate-01,rrf-grid,dev-web,depth10-k60,web,development,50,INM3514-001v4,網站前端開發人員,0.03333333333333333,0,1,1,0.3333333333333333,0.5,1.0,3,0,17,805,
candidate-01,rrf-grid,dev-ux,depth10-k60,ux,development,55,ISD3513-001v1,商業智慧（BI）系統開發人員,0.016666666666666666,0,0,1,0.14285714285714285,0.3494078042953939,0.0,9,0,20,805,5
candidate-01,rrf-grid,dev-testing,depth10-k60,testing,development,45,INM3513-001v4,網路資訊安全人員,0.016666666666666666,0,1,1,0.5,0.6653152460429406,1.0,2,0,20,805,16
candidate-01,rrf-grid,dev-coffee,depth10-k60,coffee,development,55,TFB5131-002v3,咖啡調製人員,0.03333333333333333,1,1,1,1.0,1.0,1.0,1,0,16,805,2
candidate-01,rrf-grid,dev-roasting,depth10-k60,roasting,development,53,TFB7914-001v3,咖啡烘焙人員,0.03333333333333333,1,1,1,1.0,0.9176601606601069,1.0,1,0,17,805,7
candidate-01,rrf-grid,dev-food-service,depth10-k60,food-service,development,46,TFB5139-001v3,餐飲服務人員,0.03333333333333333,1,1,1,1.0,1.0,1.0,1,0,16,805,
candidate-01,rrf-grid,dev-electrical,depth10-k60,electrical,development,51,CCM7412-001v4,水電工程人員,0.03333333333333333,1,1,1,1.0,0.95583058934618,1.0,1,0,18,805,5
candidate-01,rrf-grid,dev-interior,depth10-k60,interior,development,45,CAP2171-002v3,室內設計人員,0.03306010928961749,1,1,1,1.0,0.9324441894571632,1.0,1,0,17,805,8
candidate-01,rrf-grid,dev-purchasing-manager,depth10-k60,purchasing-manager,development,43,MMP1324-002v4,資材主管,0.03306010928961749,0,1,1,0.5,0.6309297535714575,1.0,2,0,18,805,7
candidate-01,rrf-grid,dev-marketing,depth10-k60,marketing,development,43,KMC2431-009v2,社群媒體經營人員,0.03333333333333333,0,1,1,0.3333333333333333,0.4804725838742658,0.3333333333333333,6,0,17,805,
candidate-01,rrf-grid,dev-mixed,depth10-k60,mixed,development,59,FAC3313-001v2,會計助理,0.03278688524590164,1,1,1,1.0,0.7125629647347017,0.75,2,0,17,805,16
candidate-01,rrf-grid,dev-no-match-astronomy,depth10-k60,no-match,development,43,SET2131-001v5,生技產業生物技術研發師,0.016666666666666666,,,,,,,,0,20,805,
candidate-01,rrf-grid,dev-no-match-quantum,depth10-k60,no-match,development,38,SET2144-007v2,振動分析工程人員,0.03306010928961749,,,,,,,,0,17,805,
candidate-01,rrf-grid,dev-insufficient,depth10-k60,insufficient,development,25,KPS4999-001v3,銷售助理,0.031054405392392875,,,,,,,,0,18,805,
candidate-01,rrf-grid,dev-accounting,depth10-k100,accounting,development,54,FAC3313-001v2,會計助理,0.0199009900990099,1,1,1,1.0,0.8339912323981488,1.0,2,0,17,805,5
candidate-01,rrf-grid,dev-recruiting,depth10-k100,recruiting,development,54,BHR2422-014v2,招募甄選專業人員,0.02,1,1,1,1.0,1.0,1.0,1,0,17,805,
candidate-01,rrf-grid,dev-web,depth10-k100,web,development,50,INM3514-001v4,網站前端開發人員,0.02,0,1,1,0.3333333333333333,0.5,1.0,3,0,17,805,
candidate-01,rrf-grid,dev-ux,depth10-k100,ux,development,55,ISD3513-001v1,商業智慧（BI）系統開發人員,0.01,0,0,1,0.14285714285714285,0.3494078042953939,0.0,9,0,20,805,5
candidate-01,rrf-grid,dev-testing,depth10-k100,testing,development,45,INM3513-001v4,網路資訊安全人員,0.01,0,1,1,0.5,0.6653152460429406,1.0,2,0,20,805,16
candidate-01,rrf-grid,dev-coffee,depth10-k100,coffee,development,55,TFB5131-002v3,咖啡調製人員,0.02,1,1,1,1.0,1.0,1.0,1,0,16,805,2
candidate-01,rrf-grid,dev-roasting,depth10-k100,roasting,development,53,TFB7914-001v3,咖啡烘焙人員,0.02,1,1,1,1.0,0.9176601606601069,1.0,1,0,17,805,7
candidate-01,rrf-grid,dev-food-service,depth10-k100,food-service,development,46,TFB5139-001v3,餐飲服務人員,0.02,1,1,1,1.0,1.0,1.0,1,0,16,805,
candidate-01,rrf-grid,dev-electrical,depth10-k100,electrical,development,51,CCM7412-001v4,水電工程人員,0.02,1,1,1,1.0,0.95583058934618,1.0,1,0,18,805,5
candidate-01,rrf-grid,dev-interior,depth10-k100,interior,development,45,CAP2171-002v3,室內設計人員,0.0199009900990099,1,1,1,1.0,0.9324441894571632,1.0,1,0,17,805,8
candidate-01,rrf-grid,dev-purchasing-manager,depth10-k100,purchasing-manager,development,43,MMP1324-002v4,資材主管,0.0199009900990099,0,1,1,0.5,0.6309297535714575,1.0,2,0,18,805,7
candidate-01,rrf-grid,dev-marketing,depth10-k100,marketing,development,43,KMC2431-009v2,社群媒體經營人員,0.02,0,1,1,0.3333333333333333,0.4804725838742658,0.3333333333333333,6,0,17,805,
candidate-01,rrf-grid,dev-mixed,depth10-k100,mixed,development,59,FAC3313-001v2,會計助理,0.019801980198019802,1,1,1,1.0,0.7125629647347017,0.75,2,0,17,805,16
candidate-01,rrf-grid,dev-no-match-astronomy,depth10-k100,no-match,development,43,SET2131-001v5,生技產業生物技術研發師,0.01,,,,,,,,0,20,805,
candidate-01,rrf-grid,dev-no-match-quantum,depth10-k100,no-match,development,38,SET2144-007v2,振動分析工程人員,0.0199009900990099,,,,,,,,0,17,805,
candidate-01,rrf-grid,dev-insufficient,depth10-k100,insufficient,development,25,KPS4999-001v3,銷售助理,0.019149715961150816,,,,,,,,0,18,805,
candidate-01,rrf-grid,dev-accounting,depth25-k2,accounting,development,54,FAC3313-001v2,會計助理,0.8333333333333333,1,1,1,1.0,0.8339912323981488,1.0,2,0,41,805,4
candidate-01,rrf-grid,dev-recruiting,depth25-k2,recruiting,development,54,BHR2422-014v2,招募甄選專業人員,1.0,1,1,1,1.0,1.0,1.0,1,0,43,805,30
candidate-01,rrf-grid,dev-web,depth25-k2,web,development,50,INM3514-001v4,網站前端開發人員,1.0,0,1,1,0.3333333333333333,0.5,1.0,3,0,45,805,
candidate-01,rrf-grid,dev-ux,depth25-k2,ux,development,55,SET2152-005v2,FAE工程人員【註1】,0.5833333333333334,0,0,1,0.14285714285714285,0.36880756616817134,0.0,7,0,43,805,5
candidate-01,rrf-grid,dev-testing,depth25-k2,testing,development,45,ISD2519-002v2,軟體測試工程人員,0.55,1,1,1,1.0,0.9324441894571632,1.0,1,0,42,805,19
candidate-01,rrf-grid,dev-coffee,depth25-k2,coffee,development,55,TFB5131-002v3,咖啡調製人員,1.0,1,1,1,1.0,1.0,1.0,1,0,40,805,2
candidate-01,rrf-grid,dev-roasting,depth25-k2,roasting,development,53,TFB7914-001v3,咖啡烘焙人員,1.0,1,1,1,1.0,0.95583058934618,1.0,1,0,46,805,7
candidate-01,rrf-grid,dev-food-service,depth25-k2,food-service,development,46,TFB5139-001v3,餐飲服務人員,1.0,1,1,1,1.0,1.0,1.0,1,0,38,805,
candidate-01,rrf-grid,dev-electrical,depth25-k2,electrical,development,51,CCM7412-001v4,水電工程人員,1.0,1,1,1,1.0,1.0,1.0,1,0,43,805,4
candidate-01,rrf-grid,dev-interior,depth25-k2,interior,development,45,CAP2171-002v3,室內設計人員,0.8333333333333333,1,1,1,1.0,0.95583058934618,1.0,1,0,40,805,10
candidate-01,rrf-grid,dev-purchasing-manager,depth25-k2,purchasing-manager,development,43,MMP1324-002v4,資材主管,0.8333333333333333,0,1,1,0.5,0.6309297535714575,1.0,2,0,39,805,10
candidate-01,rrf-grid,dev-marketing,depth25-k2,marketing,development,43,KMC2431-009v2,社群媒體經營人員,1.0,0,1,1,0.3333333333333333,0.4959558162583853,0.6666666666666666,5,0,42,805,
candidate-01,rrf-grid,dev-mixed,depth25-k2,mixed,development,59,FAC3313-001v2,會計助理,0.6666666666666666,1,1,1,1.0,0.7125629647347017,0.75,2,0,41,805,20
candidate-01,rrf-grid,dev-no-match-astronomy,depth25-k2,no-match,development,43,SET2131-001v5,生技產業生物技術研發師,0.5,,,,,,,,0,44,805,
candidate-01,rrf-grid,dev-no-match-quantum,depth25-k2,no-match,development,38,SET2144-007v2,振動分析工程人員,0.8333333333333333,,,,,,,,0,41,805,
candidate-01,rrf-grid,dev-insufficient,depth25-k2,insufficient,development,25,KPS2434-004v2,醫療器材產業業務助理,0.5833333333333334,,,,,,,,0,44,805,
candidate-01,rrf-grid,dev-accounting,depth25-k20,accounting,development,54,FAC3313-001v2,會計助理,0.09761904761904762,1,1,1,1.0,0.8339912323981488,1.0,2,0,41,805,11
candidate-01,rrf-grid,dev-recruiting,depth25-k20,recruiting,development,54,BHR2422-014v2,招募甄選專業人員,0.1,1,1,1,1.0,1.0,1.0,1,0,43,805,30
candidate-01,rrf-grid,dev-web,depth25-k20,web,development,50,INM3514-001v4,網站前端開發人員,0.1,0,1,1,0.3333333333333333,0.5,1.0,3,0,45,805,
candidate-01,rrf-grid,dev-ux,depth25-k20,ux,development,55,SET2152-005v2,FAE工程人員【註1】,0.08333333333333334,0,1,1,0.25,0.3390090350877799,0.5,4,0,43,805,9
candidate-01,rrf-grid,dev-testing,depth25-k20,testing,development,45,ISD2519-002v2,軟體測試工程人員,0.07631578947368421,1,1,1,1.0,0.8846711923905052,0.5,1,0,42,805,20
candidate-01,rrf-grid,dev-coffee,depth25-k20,coffee,development,55,TFB5131-002v3,咖啡調製人員,0.1,1,1,1,1.0,1.0,1.0,1,0,40,805,2
candidate-01,rrf-grid,dev-roasting,depth25-k20,roasting,development,53,TFB7914-001v3,咖啡烘焙人員,0.1,1,1,1,1.0,0.9324441894571632,1.0,1,0,46,805,7
candidate-01,rrf-grid,dev-food-service,depth25-k20,food-service,development,46,TFB5139-001v3,餐飲服務人員,0.1,1,1,1,1.0,1.0,1.0,1,0,38,805,
candidate-01,rrf-grid,dev-electrical,depth25-k20,electrical,development,51,CCM7412-001v4,水電工程人員,0.1,1,1,1,1.0,0.95583058934618,1.0,1,0,43,805,4
candidate-01,rrf-grid,dev-interior,depth25-k20,interior,development,45,CAP2171-002v3,室內設計人員,0.09761904761904762,1,1,1,1.0,0.95583058934618,1.0,1,0,40,805,12
candidate-01,rrf-grid,dev-purchasing-manager,depth25-k20,purchasing-manager,development,43,MMP1324-002v4,資材主管,0.09761904761904762,0,1,1,0.5,0.6309297535714575,1.0,2,0,39,805,14
candidate-01,rrf-grid,dev-marketing,depth25-k20,marketing,development,43,KMC2431-009v2,社群媒體經營人員,0.1,0,1,1,0.3333333333333333,0.4048931951837294,0.6666666666666666,5,0,42,805,
candidate-01,rrf-grid,dev-mixed,depth25-k20,mixed,development,59,FAC3313-001v2,會計助理,0.09523809523809523,1,1,1,1.0,0.6643865887512646,0.5,2,0,41,805,20
candidate-01,rrf-grid,dev-no-match-astronomy,depth25-k20,no-match,development,43,SET2152-001v4,半導體產業IC佈局工程師,0.06904761904761905,,,,,,,,0,44,805,
candidate-01,rrf-grid,dev-no-match-quantum,depth25-k20,no-match,development,38,SET2144-007v2,振動分析工程人員,0.09761904761904762,,,,,,,,0,41,805,
candidate-01,rrf-grid,dev-insufficient,depth25-k20,insufficient,development,25,KPS2434-004v2,醫療器材產業業務助理,0.08333333333333334,,,,,,,,0,44,805,
candidate-01,rrf-grid,dev-accounting,depth25-k60,accounting,development,54,FAC3313-001v2,會計助理,0.03306010928961749,1,1,1,1.0,0.8339912323981488,1.0,2,0,41,805,11
candidate-01,rrf-grid,dev-recruiting,depth25-k60,recruiting,development,54,BHR2422-014v2,招募甄選專業人員,0.03333333333333333,1,1,1,1.0,1.0,1.0,1,0,43,805,30
candidate-01,rrf-grid,dev-web,depth25-k60,web,development,50,INM3514-001v4,網站前端開發人員,0.03333333333333333,0,1,1,0.3333333333333333,0.5,1.0,3,0,45,805,
candidate-01,rrf-grid,dev-ux,depth25-k60,ux,development,55,SET2152-005v2,FAE工程人員【註1】,0.030952380952380953,0,1,1,0.5,0.4966392596877323,0.5,2,0,43,805,9
candidate-01,rrf-grid,dev-testing,depth25-k60,testing,development,45,ISD2519-002v2,軟體測試工程人員,0.029487179487179487,1,1,1,1.0,0.8846711923905052,0.5,1,0,42,805,20
candidate-01,rrf-grid,dev-coffee,depth25-k60,coffee,development,55,TFB5131-002v3,咖啡調製人員,0.03333333333333333,1,1,1,1.0,1.0,1.0,1,0,40,805,2
candidate-01,rrf-grid,dev-roasting,depth25-k60,roasting,development,53,TFB7914-001v3,咖啡烘焙人員,0.03333333333333333,1,1,1,1.0,0.9324441894571632,1.0,1,0,46,805,7
candidate-01,rrf-grid,dev-food-service,depth25-k60,food-service,development,46,TFB5139-001v3,餐飲服務人員,0.03333333333333333,1,1,1,1.0,1.0,1.0,1,0,38,805,
candidate-01,rrf-grid,dev-electrical,depth25-k60,electrical,development,51,CCM7412-001v4,水電工程人員,0.03333333333333333,1,1,1,1.0,0.95583058934618,1.0,1,0,43,805,4
candidate-01,rrf-grid,dev-interior,depth25-k60,interior,development,45,CAP2171-002v3,室內設計人員,0.03306010928961749,1,1,1,1.0,0.95583058934618,1.0,1,0,40,805,12
candidate-01,rrf-grid,dev-purchasing-manager,depth25-k60,purchasing-manager,development,43,MMP1324-002v4,資材主管,0.03306010928961749,0,1,1,0.5,0.6309297535714575,1.0,2,0,39,805,14
candidate-01,rrf-grid,dev-marketing,depth25-k60,marketing,development,43,KMC2431-009v2,社群媒體經營人員,0.03333333333333333,0,1,1,0.3333333333333333,0.4048931951837294,0.6666666666666666,5,0,42,805,
candidate-01,rrf-grid,dev-mixed,depth25-k60,mixed,development,59,FAC3313-001v2,會計助理,0.03278688524590164,1,1,1,1.0,0.6643865887512646,0.5,2,0,41,805,20
candidate-01,rrf-grid,dev-no-match-astronomy,depth25-k60,no-match,development,43,SET2152-001v4,半導體產業IC佈局工程師,0.028991596638655463,,,,,,,,0,44,805,
candidate-01,rrf-grid,dev-no-match-quantum,depth25-k60,no-match,development,38,SET2144-007v2,振動分析工程人員,0.03306010928961749,,,,,,,,0,41,805,
candidate-01,rrf-grid,dev-insufficient,depth25-k60,insufficient,development,25,KPS4999-001v3,銷售助理,0.031054405392392875,,,,,,,,0,44,805,
candidate-01,rrf-grid,dev-accounting,depth25-k100,accounting,development,54,FAC3313-001v2,會計助理,0.0199009900990099,1,1,1,1.0,0.8339912323981488,1.0,2,0,41,805,11
candidate-01,rrf-grid,dev-recruiting,depth25-k100,recruiting,development,54,BHR2422-014v2,招募甄選專業人員,0.02,1,1,1,1.0,1.0,1.0,1,0,43,805,30
candidate-01,rrf-grid,dev-web,depth25-k100,web,development,50,INM3514-001v4,網站前端開發人員,0.02,0,1,1,0.3333333333333333,0.5,1.0,3,0,45,805,
candidate-01,rrf-grid,dev-ux,depth25-k100,ux,development,55,SET2152-005v2,FAE工程人員【註1】,0.01909090909090909,0,1,1,0.5,0.4966392596877323,0.5,2,0,43,805,9
candidate-01,rrf-grid,dev-testing,depth25-k100,testing,development,45,ISD2519-002v2,軟體測試工程人員,0.01847457627118644,1,1,1,1.0,0.8846711923905052,0.5,1,0,42,805,20
candidate-01,rrf-grid,dev-coffee,depth25-k100,coffee,development,55,TFB5131-002v3,咖啡調製人員,0.02,1,1,1,1.0,1.0,1.0,1,0,40,805,2
candidate-01,rrf-grid,dev-roasting,depth25-k100,roasting,development,53,TFB7914-001v3,咖啡烘焙人員,0.02,1,1,1,1.0,0.9324441894571632,1.0,1,0,46,805,7
candidate-01,rrf-grid,dev-food-service,depth25-k100,food-service,development,46,TFB5139-001v3,餐飲服務人員,0.02,1,1,1,1.0,1.0,1.0,1,0,38,805,
candidate-01,rrf-grid,dev-electrical,depth25-k100,electrical,development,51,CCM7412-001v4,水電工程人員,0.02,1,1,1,1.0,0.95583058934618,1.0,1,0,43,805,4
candidate-01,rrf-grid,dev-interior,depth25-k100,interior,development,45,CAP2171-002v3,室內設計人員,0.0199009900990099,1,1,1,1.0,0.9324441894571632,1.0,1,0,40,805,12
candidate-01,rrf-grid,dev-purchasing-manager,depth25-k100,purchasing-manager,development,43,MMP1324-002v4,資材主管,0.0199009900990099,0,1,1,0.5,0.6309297535714575,1.0,2,0,39,805,14
candidate-01,rrf-grid,dev-marketing,depth25-k100,marketing,development,43,KMC2431-009v2,社群媒體經營人員,0.02,0,1,1,0.3333333333333333,0.4048931951837294,0.6666666666666666,5,0,42,805,
candidate-01,rrf-grid,dev-mixed,depth25-k100,mixed,development,59,FAC3313-001v2,會計助理,0.019801980198019802,1,1,1,1.0,0.6643865887512646,0.5,2,0,41,805,20
candidate-01,rrf-grid,dev-no-match-astronomy,depth25-k100,no-match,development,43,SET2152-001v4,半導體產業IC佈局工程師,0.01835016835016835,,,,,,,,0,44,805,
candidate-01,rrf-grid,dev-no-match-quantum,depth25-k100,no-match,development,38,SET2144-007v2,振動分析工程人員,0.0199009900990099,,,,,,,,0,41,805,
candidate-01,rrf-grid,dev-insufficient,depth25-k100,insufficient,development,25,KPS4999-001v3,銷售助理,0.019149715961150816,,,,,,,,0,44,805,
candidate-01,rrf-grid,dev-accounting,depth50-k2,accounting,development,54,FAC3313-001v2,會計助理,0.8333333333333333,1,1,1,1.0,0.8339912323981488,1.0,2,0,83,805,4
candidate-01,rrf-grid,dev-recruiting,depth50-k2,recruiting,development,54,BHR2422-014v2,招募甄選專業人員,1.0,1,1,1,1.0,1.0,1.0,1,0,87,805,22
candidate-01,rrf-grid,dev-web,depth50-k2,web,development,50,INM3514-001v4,網站前端開發人員,1.0,0,1,1,0.3333333333333333,0.5,1.0,3,0,85,805,
candidate-01,rrf-grid,dev-ux,depth50-k2,ux,development,55,SET2152-005v2,FAE工程人員【註1】,0.5833333333333334,0,0,1,0.14285714285714285,0.36880756616817134,0.0,7,0,84,805,5
candidate-01,rrf-grid,dev-testing,depth50-k2,testing,development,45,ISD2519-002v2,軟體測試工程人員,0.55,1,1,1,1.0,0.9324441894571632,1.0,1,0,77,805,19
candidate-01,rrf-grid,dev-coffee,depth50-k2,coffee,development,55,TFB5131-002v3,咖啡調製人員,1.0,1,1,1,1.0,1.0,1.0,1,0,81,805,2
candidate-01,rrf-grid,dev-roasting,depth50-k2,roasting,development,53,TFB7914-001v3,咖啡烘焙人員,1.0,1,1,1,1.0,0.95583058934618,1.0,1,0,91,805,8
candidate-01,rrf-grid,dev-food-service,depth50-k2,food-service,development,46,TFB5139-001v3,餐飲服務人員,1.0,1,1,1,1.0,1.0,1.0,1,0,79,805,
candidate-01,rrf-grid,dev-electrical,depth50-k2,electrical,development,51,CCM7412-001v4,水電工程人員,1.0,1,1,1,1.0,1.0,1.0,1,0,86,805,4
candidate-01,rrf-grid,dev-interior,depth50-k2,interior,development,45,CAP2171-002v3,室內設計人員,0.8333333333333333,1,1,1,1.0,0.95583058934618,1.0,1,0,80,805,11
candidate-01,rrf-grid,dev-purchasing-manager,depth50-k2,purchasing-manager,development,43,MMP1324-002v4,資材主管,0.8333333333333333,0,1,1,0.5,0.6309297535714575,1.0,2,0,80,805,10
candidate-01,rrf-grid,dev-marketing,depth50-k2,marketing,development,43,KMC2431-009v2,社群媒體經營人員,1.0,0,1,1,0.3333333333333333,0.4959558162583853,0.6666666666666666,5,0,81,805,48
candidate-01,rrf-grid,dev-mixed,depth50-k2,mixed,development,59,FAC3313-001v2,會計助理,0.6666666666666666,1,1,1,1.0,0.7125629647347017,0.75,2,0,80,805,21
candidate-01,rrf-grid,dev-no-match-astronomy,depth50-k2,no-match,development,43,SET2131-001v5,生技產業生物技術研發師,0.5,,,,,,,,0,84,805,
candidate-01,rrf-grid,dev-no-match-quantum,depth50-k2,no-match,development,38,SET2144-007v2,振動分析工程人員,0.8333333333333333,,,,,,,,0,81,805,
candidate-01,rrf-grid,dev-insufficient,depth50-k2,insufficient,development,25,KPS2434-004v2,醫療器材產業業務助理,0.5833333333333334,,,,,,,,0,83,805,
candidate-01,rrf-grid,dev-accounting,depth50-k20,accounting,development,54,FAC3313-001v2,會計助理,0.09761904761904762,1,1,1,1.0,0.8339912323981488,1.0,2,0,83,805,14
candidate-01,rrf-grid,dev-recruiting,depth50-k20,recruiting,development,54,BHR2422-014v2,招募甄選專業人員,0.1,1,1,1,1.0,1.0,1.0,1,0,87,805,12
candidate-01,rrf-grid,dev-web,depth50-k20,web,development,50,INM3514-001v4,網站前端開發人員,0.1,0,1,1,0.3333333333333333,0.5,1.0,3,0,85,805,
candidate-01,rrf-grid,dev-ux,depth50-k20,ux,development,55,SET2152-005v2,FAE工程人員【註1】,0.08333333333333334,0,1,1,0.25,0.469514592756915,1.0,4,0,84,805,15
candidate-01,rrf-grid,dev-testing,depth50-k20,testing,development,45,ISD2519-002v2,軟體測試工程人員,0.07631578947368421,1,1,1,1.0,0.9324441894571632,1.0,1,0,77,805,31
candidate-01,rrf-grid,dev-coffee,depth50-k20,coffee,development,55,TFB5131-002v3,咖啡調製人員,0.1,1,1,1,1.0,1.0,1.0,1,0,81,805,2
candidate-01,rrf-grid,dev-roasting,depth50-k20,roasting,development,53,TFB7914-001v3,咖啡烘焙人員,0.1,1,1,1,1.0,0.9324441894571632,1.0,1,0,91,805,10
candidate-01,rrf-grid,dev-food-service,depth50-k20,food-service,development,46,TFB5139-001v3,餐飲服務人員,0.1,1,1,1,1.0,1.0,1.0,1,0,79,805,
candidate-01,rrf-grid,dev-electrical,depth50-k20,electrical,development,51,CCM7412-001v4,水電工程人員,0.1,1,1,1,1.0,0.95583058934618,1.0,1,0,86,805,4
candidate-01,rrf-grid,dev-interior,depth50-k20,interior,development,45,CAP2171-002v3,室內設計人員,0.09761904761904762,1,1,1,1.0,0.95583058934618,1.0,1,0,80,805,15
candidate-01,rrf-grid,dev-purchasing-manager,depth50-k20,purchasing-manager,development,43,MMP1324-002v4,資材主管,0.09761904761904762,0,1,1,0.5,0.6309297535714575,1.0,2,0,80,805,19
candidate-01,rrf-grid,dev-marketing,depth50-k20,marketing,development,43,KMC2431-009v2,社群媒體經營人員,0.1,0,1,1,0.3333333333333333,0.4048931951837294,0.6666666666666666,5,0,81,805,48
candidate-01,rrf-grid,dev-mixed,depth50-k20,mixed,development,59,FAC3313-001v2,會計助理,0.09523809523809523,1,1,1,1.0,0.6974650467327015,0.5,2,0,80,805,25
candidate-01,rrf-grid,dev-no-match-astronomy,depth50-k20,no-match,development,43,SET2152-001v4,半導體產業IC佈局工程師,0.06904761904761905,,,,,,,,0,84,805,
candidate-01,rrf-grid,dev-no-match-quantum,depth50-k20,no-match,development,38,SET2144-007v2,振動分析工程人員,0.09761904761904762,,,,,,,,0,81,805,
candidate-01,rrf-grid,dev-insufficient,depth50-k20,insufficient,development,25,KPS2434-004v2,醫療器材產業業務助理,0.08333333333333334,,,,,,,,0,83,805,
candidate-01,rrf-grid,dev-accounting,depth50-k60,accounting,development,54,FAC3313-001v2,會計助理,0.03306010928961749,1,1,1,1.0,0.8339912323981488,1.0,2,0,83,805,18
candidate-01,rrf-grid,dev-recruiting,depth50-k60,recruiting,development,54,BHR2422-014v2,招募甄選專業人員,0.03333333333333333,1,1,1,1.0,1.0,1.0,1,0,87,805,10
candidate-01,rrf-grid,dev-web,depth50-k60,web,development,50,INM3514-001v4,網站前端開發人員,0.03333333333333333,0,1,1,0.3333333333333333,0.5,1.0,3,0,85,805,
candidate-01,rrf-grid,dev-ux,depth50-k60,ux,development,55,SET2152-005v2,FAE工程人員【註1】,0.030952380952380953,0,1,1,0.5,0.6271448173568673,1.0,2,0,84,805,18
candidate-01,rrf-grid,dev-testing,depth50-k60,testing,development,45,ISD2519-002v2,軟體測試工程人員,0.029487179487179487,1,1,1,1.0,0.9176601606601069,1.0,1,0,77,805,32
candidate-01,rrf-grid,dev-coffee,depth50-k60,coffee,development,55,TFB5131-002v3,咖啡調製人員,0.03333333333333333,1,1,1,1.0,1.0,1.0,1,0,81,805,2
candidate-01,rrf-grid,dev-roasting,depth50-k60,roasting,development,53,TFB7914-001v3,咖啡烘焙人員,0.03333333333333333,1,1,1,1.0,0.9324441894571632,1.0,1,0,91,805,12
candidate-01,rrf-grid,dev-food-service,depth50-k60,food-service,development,46,TFB5139-001v3,餐飲服務人員,0.03333333333333333,1,1,1,1.0,1.0,1.0,1,0,79,805,
candidate-01,rrf-grid,dev-electrical,depth50-k60,electrical,development,51,CCM7412-001v4,水電工程人員,0.03333333333333333,1,1,1,1.0,0.95583058934618,1.0,1,0,86,805,4
candidate-01,rrf-grid,dev-interior,depth50-k60,interior,development,45,CAP2171-002v3,室內設計人員,0.03306010928961749,1,1,1,1.0,0.95583058934618,1.0,1,0,80,805,21
candidate-01,rrf-grid,dev-purchasing-manager,depth50-k60,purchasing-manager,development,43,MMP1324-002v4,資材主管,0.03306010928961749,0,1,1,0.5,0.6309297535714575,1.0,2,0,80,805,22
candidate-01,rrf-grid,dev-marketing,depth50-k60,marketing,development,43,KMC2431-009v2,社群媒體經營人員,0.03333333333333333,0,1,1,0.3333333333333333,0.4048931951837294,0.6666666666666666,5,0,81,805,48
candidate-01,rrf-grid,dev-mixed,depth50-k60,mixed,development,59,FAC3313-001v2,會計助理,0.03278688524590164,1,1,1,1.0,0.6643865887512646,0.5,2,0,80,805,27
candidate-01,rrf-grid,dev-no-match-astronomy,depth50-k60,no-match,development,43,SET2152-001v4,半導體產業IC佈局工程師,0.028991596638655463,,,,,,,,0,84,805,
candidate-01,rrf-grid,dev-no-match-quantum,depth50-k60,no-match,development,38,SET2144-007v2,振動分析工程人員,0.03306010928961749,,,,,,,,0,81,805,
candidate-01,rrf-grid,dev-insufficient,depth50-k60,insufficient,development,25,KPS4999-001v3,銷售助理,0.031054405392392875,,,,,,,,0,83,805,
candidate-01,rrf-grid,dev-accounting,depth50-k100,accounting,development,54,FAC3313-001v2,會計助理,0.0199009900990099,1,1,1,1.0,0.8339912323981488,1.0,2,0,83,805,18
candidate-01,rrf-grid,dev-recruiting,depth50-k100,recruiting,development,54,BHR2422-014v2,招募甄選專業人員,0.02,1,1,1,1.0,1.0,1.0,1,0,87,805,10
candidate-01,rrf-grid,dev-web,depth50-k100,web,development,50,INM3514-001v4,網站前端開發人員,0.02,0,1,1,0.3333333333333333,0.5,1.0,3,0,85,805,
candidate-01,rrf-grid,dev-ux,depth50-k100,ux,development,55,SET2152-005v2,FAE工程人員【註1】,0.01909090909090909,0,1,1,0.5,0.6271448173568673,1.0,2,0,84,805,18
candidate-01,rrf-grid,dev-testing,depth50-k100,testing,development,45,ISD2519-002v2,軟體測試工程人員,0.01847457627118644,1,1,1,1.0,0.9073218002554915,0.5,1,0,77,805,32
candidate-01,rrf-grid,dev-coffee,depth50-k100,coffee,development,55,TFB5131-002v3,咖啡調製人員,0.02,1,1,1,1.0,1.0,1.0,1,0,81,805,2
candidate-01,rrf-grid,dev-roasting,depth50-k100,roasting,development,53,TFB7914-001v3,咖啡烘焙人員,0.02,1,1,1,1.0,0.9324441894571632,1.0,1,0,91,805,12
candidate-01,rrf-grid,dev-food-service,depth50-k100,food-service,development,46,TFB5139-001v3,餐飲服務人員,0.02,1,1,1,1.0,1.0,1.0,1,0,79,805,
candidate-01,rrf-grid,dev-electrical,depth50-k100,electrical,development,51,CCM7412-001v4,水電工程人員,0.02,1,1,1,1.0,0.95583058934618,1.0,1,0,86,805,4
candidate-01,rrf-grid,dev-interior,depth50-k100,interior,development,45,CAP2171-002v3,室內設計人員,0.0199009900990099,1,1,1,1.0,0.9324441894571632,1.0,1,0,80,805,21
candidate-01,rrf-grid,dev-purchasing-manager,depth50-k100,purchasing-manager,development,43,MMP1324-002v4,資材主管,0.0199009900990099,0,1,1,0.5,0.6309297535714575,1.0,2,0,80,805,22
candidate-01,rrf-grid,dev-marketing,depth50-k100,marketing,development,43,KMC2431-009v2,社群媒體經營人員,0.02,0,1,1,0.3333333333333333,0.4048931951837294,0.6666666666666666,5,0,81,805,48
candidate-01,rrf-grid,dev-mixed,depth50-k100,mixed,development,59,FAC3313-001v2,會計助理,0.019801980198019802,1,1,1,1.0,0.6643865887512646,0.5,2,0,80,805,27
candidate-01,rrf-grid,dev-no-match-astronomy,depth50-k100,no-match,development,43,SET2152-001v4,半導體產業IC佈局工程師,0.01835016835016835,,,,,,,,0,84,805,
candidate-01,rrf-grid,dev-no-match-quantum,depth50-k100,no-match,development,38,SET2144-007v2,振動分析工程人員,0.0199009900990099,,,,,,,,0,81,805,
candidate-01,rrf-grid,dev-insufficient,depth50-k100,insufficient,development,25,KPS4999-001v3,銷售助理,0.019149715961150816,,,,,,,,0,83,805,
candidate-01,rrf-grid,dev-accounting,depth100-k2,accounting,development,54,FAC3313-001v2,會計助理,0.8333333333333333,1,1,1,1.0,0.8339912323981488,1.0,2,0,159,805,4
candidate-01,rrf-grid,dev-recruiting,depth100-k2,recruiting,development,54,BHR2422-014v2,招募甄選專業人員,1.0,1,1,1,1.0,1.0,1.0,1,0,168,805,22
candidate-01,rrf-grid,dev-web,depth100-k2,web,development,50,INM3514-001v4,網站前端開發人員,1.0,0,1,1,0.3333333333333333,0.5,1.0,3,0,164,805,
candidate-01,rrf-grid,dev-ux,depth100-k2,ux,development,55,SET2152-005v2,FAE工程人員【註1】,0.5833333333333334,0,0,1,0.14285714285714285,0.36880756616817134,0.0,7,0,161,805,5
candidate-01,rrf-grid,dev-testing,depth100-k2,testing,development,45,ISD2519-002v2,軟體測試工程人員,0.55,1,1,1,1.0,0.9324441894571632,1.0,1,0,155,805,17
candidate-01,rrf-grid,dev-coffee,depth100-k2,coffee,development,55,TFB5131-002v3,咖啡調製人員,1.0,1,1,1,1.0,1.0,1.0,1,0,156,805,2
candidate-01,rrf-grid,dev-roasting,depth100-k2,roasting,development,53,TFB7914-001v3,咖啡烘焙人員,1.0,1,1,1,1.0,0.95583058934618,1.0,1,0,176,805,7
candidate-01,rrf-grid,dev-food-service,depth100-k2,food-service,development,46,TFB5139-001v3,餐飲服務人員,1.0,1,1,1,1.0,1.0,1.0,1,0,161,805,
candidate-01,rrf-grid,dev-electrical,depth100-k2,electrical,development,51,CCM7412-001v4,水電工程人員,1.0,1,1,1,1.0,1.0,1.0,1,0,159,805,4
candidate-01,rrf-grid,dev-interior,depth100-k2,interior,development,45,CAP2171-002v3,室內設計人員,0.8333333333333333,1,1,1,1.0,0.95583058934618,1.0,1,0,159,805,10
candidate-01,rrf-grid,dev-purchasing-manager,depth100-k2,purchasing-manager,development,43,MMP1324-002v4,資材主管,0.8333333333333333,0,1,1,0.5,0.6309297535714575,1.0,2,0,150,805,10
candidate-01,rrf-grid,dev-marketing,depth100-k2,marketing,development,43,KMC2431-009v2,社群媒體經營人員,1.0,0,1,1,0.3333333333333333,0.47531464520178185,0.3333333333333333,6,0,151,805,43
candidate-01,rrf-grid,dev-mixed,depth100-k2,mixed,development,59,FAC3313-001v2,會計助理,0.6666666666666666,1,1,1,1.0,0.7125629647347017,0.75,2,0,162,805,21
candidate-01,rrf-grid,dev-no-match-astronomy,depth100-k2,no-match,development,43,SET2131-001v5,生技產業生物技術研發師,0.5,,,,,,,,0,166,805,
candidate-01,rrf-grid,dev-no-match-quantum,depth100-k2,no-match,development,38,SET2144-007v2,振動分析工程人員,0.8333333333333333,,,,,,,,0,163,805,
candidate-01,rrf-grid,dev-insufficient,depth100-k2,insufficient,development,25,KPS2434-004v2,醫療器材產業業務助理,0.5833333333333334,,,,,,,,0,159,805,
candidate-01,rrf-grid,dev-accounting,depth100-k20,accounting,development,54,FAC3313-001v2,會計助理,0.09761904761904762,1,1,1,1.0,0.8339912323981488,1.0,2,0,159,805,18
candidate-01,rrf-grid,dev-recruiting,depth100-k20,recruiting,development,54,BHR2422-014v2,招募甄選專業人員,0.1,1,1,1,1.0,1.0,1.0,1,0,168,805,14
candidate-01,rrf-grid,dev-web,depth100-k20,web,development,50,INM3514-001v4,網站前端開發人員,0.1,0,1,1,0.3333333333333333,0.5,1.0,3,0,164,805,
candidate-01,rrf-grid,dev-ux,depth100-k20,ux,development,55,SET2152-005v2,FAE工程人員【註1】,0.08333333333333334,0,1,1,0.25,0.469514592756915,1.0,4,0,161,805,18
candidate-01,rrf-grid,dev-testing,depth100-k20,testing,development,45,ISD2519-002v2,軟體測試工程人員,0.07631578947368421,1,1,1,1.0,0.9324441894571632,1.0,1,0,155,805,17
candidate-01,rrf-grid,dev-coffee,depth100-k20,coffee,development,55,TFB5131-002v3,咖啡調製人員,0.1,1,1,1,1.0,1.0,1.0,1,0,156,805,2
candidate-01,rrf-grid,dev-roasting,depth100-k20,roasting,development,53,TFB7914-001v3,咖啡烘焙人員,0.1,1,1,1,1.0,0.9324441894571632,1.0,1,0,176,805,7
candidate-01,rrf-grid,dev-food-service,depth100-k20,food-service,development,46,TFB5139-001v3,餐飲服務人員,0.1,1,1,1,1.0,1.0,1.0,1,0,161,805,
candidate-01,rrf-grid,dev-electrical,depth100-k20,electrical,development,51,CCM7412-001v4,水電工程人員,0.1,1,1,1,1.0,0.95583058934618,1.0,1,0,159,805,4
candidate-01,rrf-grid,dev-interior,depth100-k20,interior,development,45,CAP2171-002v3,室內設計人員,0.09761904761904762,1,1,1,1.0,0.95583058934618,1.0,1,0,159,805,12
candidate-01,rrf-grid,dev-purchasing-manager,depth100-k20,purchasing-manager,development,43,MMP1324-002v4,資材主管,0.09761904761904762,0,1,1,0.5,0.6309297535714575,1.0,2,0,150,805,26
candidate-01,rrf-grid,dev-marketing,depth100-k20,marketing,development,43,KMC2431-009v2,社群媒體經營人員,0.1,0,1,1,0.3333333333333333,0.4048931951837294,0.6666666666666666,5,0,151,805,41
candidate-01,rrf-grid,dev-mixed,depth100-k20,mixed,development,59,FAC3313-001v2,會計助理,0.09523809523809523,1,1,1,1.0,0.6974650467327015,0.5,2,0,162,805,29
candidate-01,rrf-grid,dev-no-match-astronomy,depth100-k20,no-match,development,43,SET2152-001v4,半導體產業IC佈局工程師,0.06904761904761905,,,,,,,,0,166,805,
candidate-01,rrf-grid,dev-no-match-quantum,depth100-k20,no-match,development,38,SET2144-007v2,振動分析工程人員,0.09761904761904762,,,,,,,,0,163,805,
candidate-01,rrf-grid,dev-insufficient,depth100-k20,insufficient,development,25,KPS2434-004v2,醫療器材產業業務助理,0.08333333333333334,,,,,,,,0,159,805,
candidate-01,rrf-grid,dev-accounting,depth100-k60,accounting,development,54,FAC3313-001v2,會計助理,0.03306010928961749,1,1,1,1.0,0.8339912323981488,1.0,2,0,159,805,40
candidate-01,rrf-grid,dev-recruiting,depth100-k60,recruiting,development,54,BHR2422-014v2,招募甄選專業人員,0.03333333333333333,1,1,1,1.0,1.0,1.0,1,0,168,805,12
candidate-01,rrf-grid,dev-web,depth100-k60,web,development,50,INM3514-001v4,網站前端開發人員,0.03333333333333333,0,1,1,0.3333333333333333,0.5,1.0,3,0,164,805,
candidate-01,rrf-grid,dev-ux,depth100-k60,ux,development,55,SET2152-005v2,FAE工程人員【註1】,0.030952380952380953,0,1,1,0.5,0.6271448173568673,1.0,2,0,161,805,32
candidate-01,rrf-grid,dev-testing,depth100-k60,testing,development,45,ISD2519-002v2,軟體測試工程人員,0.029487179487179487,1,1,1,1.0,0.9176601606601069,1.0,1,0,155,805,21
candidate-01,rrf-grid,dev-coffee,depth100-k60,coffee,development,55,TFB5131-002v3,咖啡調製人員,0.03333333333333333,1,1,1,1.0,1.0,1.0,1,0,156,805,2
candidate-01,rrf-grid,dev-roasting,depth100-k60,roasting,development,53,TFB7914-001v3,咖啡烘焙人員,0.03333333333333333,1,1,1,1.0,0.9324441894571632,1.0,1,0,176,805,8
candidate-01,rrf-grid,dev-food-service,depth100-k60,food-service,development,46,TFB5139-001v3,餐飲服務人員,0.03333333333333333,1,1,1,1.0,1.0,1.0,1,0,161,805,
candidate-01,rrf-grid,dev-electrical,depth100-k60,electrical,development,51,CCM7412-001v4,水電工程人員,0.03333333333333333,1,1,1,1.0,0.95583058934618,1.0,1,0,159,805,4
candidate-01,rrf-grid,dev-interior,depth100-k60,interior,development,45,CAP2171-002v3,室內設計人員,0.03306010928961749,1,1,1,1.0,0.95583058934618,1.0,1,0,159,805,14
candidate-01,rrf-grid,dev-purchasing-manager,depth100-k60,purchasing-manager,development,43,MMP1324-002v4,資材主管,0.03306010928961749,0,1,1,0.5,0.6309297535714575,1.0,2,0,150,805,46
candidate-01,rrf-grid,dev-marketing,depth100-k60,marketing,development,43,KMC2431-009v2,社群媒體經營人員,0.03333333333333333,0,1,1,0.3333333333333333,0.4048931951837294,0.6666666666666666,5,0,151,805,37
candidate-01,rrf-grid,dev-mixed,depth100-k60,mixed,development,59,FAC3313-001v2,會計助理,0.03278688524590164,1,1,1,1.0,0.6643865887512646,0.5,2,0,162,805,41
candidate-01,rrf-grid,dev-no-match-astronomy,depth100-k60,no-match,development,43,SET2152-001v4,半導體產業IC佈局工程師,0.028991596638655463,,,,,,,,0,166,805,
candidate-01,rrf-grid,dev-no-match-quantum,depth100-k60,no-match,development,38,SET2144-007v2,振動分析工程人員,0.03306010928961749,,,,,,,,0,163,805,
candidate-01,rrf-grid,dev-insufficient,depth100-k60,insufficient,development,25,KPS4999-001v3,銷售助理,0.031054405392392875,,,,,,,,0,159,805,
candidate-01,rrf-grid,dev-accounting,depth100-k100,accounting,development,54,FAC3313-001v2,會計助理,0.0199009900990099,1,1,1,1.0,0.8339912323981488,1.0,2,0,159,805,42
candidate-01,rrf-grid,dev-recruiting,depth100-k100,recruiting,development,54,BHR2422-014v2,招募甄選專業人員,0.02,1,1,1,1.0,1.0,1.0,1,0,168,805,10
candidate-01,rrf-grid,dev-web,depth100-k100,web,development,50,INM3514-001v4,網站前端開發人員,0.02,0,1,1,0.3333333333333333,0.5,1.0,3,0,164,805,
candidate-01,rrf-grid,dev-ux,depth100-k100,ux,development,55,SET2152-005v2,FAE工程人員【註1】,0.01909090909090909,0,1,1,0.5,0.6271448173568673,1.0,2,0,161,805,41
candidate-01,rrf-grid,dev-testing,depth100-k100,testing,development,45,ISD2519-002v2,軟體測試工程人員,0.01847457627118644,1,1,1,1.0,0.9073218002554915,0.5,1,0,155,805,23
candidate-01,rrf-grid,dev-coffee,depth100-k100,coffee,development,55,TFB5131-002v3,咖啡調製人員,0.02,1,1,1,1.0,1.0,1.0,1,0,156,805,2
candidate-01,rrf-grid,dev-roasting,depth100-k100,roasting,development,53,TFB7914-001v3,咖啡烘焙人員,0.02,1,1,1,1.0,0.9324441894571632,1.0,1,0,176,805,8
candidate-01,rrf-grid,dev-food-service,depth100-k100,food-service,development,46,TFB5139-001v3,餐飲服務人員,0.02,1,1,1,1.0,1.0,1.0,1,0,161,805,
candidate-01,rrf-grid,dev-electrical,depth100-k100,electrical,development,51,CCM7412-001v4,水電工程人員,0.02,1,1,1,1.0,0.95583058934618,1.0,1,0,159,805,4
candidate-01,rrf-grid,dev-interior,depth100-k100,interior,development,45,CAP2171-002v3,室內設計人員,0.0199009900990099,1,1,1,1.0,0.9324441894571632,1.0,1,0,159,805,14
candidate-01,rrf-grid,dev-purchasing-manager,depth100-k100,purchasing-manager,development,43,MMP1324-002v4,資材主管,0.0199009900990099,0,1,1,0.5,0.6309297535714575,1.0,2,0,150,805,52
candidate-01,rrf-grid,dev-marketing,depth100-k100,marketing,development,43,KMC2431-009v2,社群媒體經營人員,0.02,0,1,1,0.3333333333333333,0.4048931951837294,0.6666666666666666,5,0,151,805,38
candidate-01,rrf-grid,dev-mixed,depth100-k100,mixed,development,59,FAC3313-001v2,會計助理,0.019801980198019802,1,1,1,1.0,0.6643865887512646,0.5,2,0,162,805,42
candidate-01,rrf-grid,dev-no-match-astronomy,depth100-k100,no-match,development,43,SET2152-001v4,半導體產業IC佈局工程師,0.01835016835016835,,,,,,,,0,166,805,
candidate-01,rrf-grid,dev-no-match-quantum,depth100-k100,no-match,development,38,SET2144-007v2,振動分析工程人員,0.0199009900990099,,,,,,,,0,163,805,
candidate-01,rrf-grid,dev-insufficient,depth100-k100,insufficient,development,25,KPS4999-001v3,銷售助理,0.019149715961150816,,,,,,,,0,159,805,
candidate-01,selected-memory,procurement-cut44,B2+top+dense-exact,procurement,input-pilot,1196,KRM3323-002v4,零售商品採購人員,0.74547344,0,1,1,0.3333333333333333,0.6289921088377346,1.0,3,0,10,805,7
candidate-01,selected-memory,inventory-control-cut2,B2+top+dense-exact,inventory,input-pilot,198,MMP4321-003v4,零售業倉儲管理人員,0.7106559,1,1,1,1.0,0.7452525342261976,0.5,1,0,10,805,
candidate-01,selected-memory,inventory-control-cut4,B2+top+dense-exact,inventory,input-pilot,340,MMP4321-003v4,零售業倉儲管理人員,0.7275736,1,1,1,1.0,0.7788383912096147,0.5,1,0,10,805,
candidate-01,selected-memory,inventory-compacted-cut2,B2+top+dense-exact,inventory,input-pilot,355,MMP4321-003v4,零售業倉儲管理人員,0.7075912,1,1,1,1.0,0.7452525342261976,0.5,1,0,10,805,
candidate-01,selected-memory,inventory-compacted-cut4,B2+top+dense-exact,inventory,input-pilot,553,MMP4321-003v4,零售業倉儲管理人員,0.71490926,1,1,1,1.0,0.7452525342261976,0.5,1,0,10,805,
